날짜,코로나,홈까페,커피머신
2019-09-27,0.00915,29.62962,22.09309
2019-09-28,0.00858,32.80423,21.63281
2019-09-29,0.00858,35.44973,24.61308
2019-09-30,0.0088,35.97883,27.32293
2019-10-01,0.00786,23.80952,25.82705
2019-10-02,0.00788,30.15873,25.34951
2019-10-03,0.00951,25.92592,24.30239
2019-10-04,0.00931,23.80952,23.10569
2019-10-05,0.0088,21.69312,22.7087
2019-10-06,0.0078,30.15873,24.82595
2019-10-07,0.0089,25.39682,25.11938
2019-10-08,0.01068,25.92592,27.48978
2019-10-09,0.00872,32.27513,26.14924
2019-10-10,0.00856,16.40211,23.48541
2019-10-11,0.0086,20.10582,21.06322
2019-10-12,0.00782,22.22222,21.20706
2019-10-13,0.00727,23.28042,23.88815
2019-10-14,0.00864,24.33862,24.13555
2019-10-15,0.00827,25.39682,24.99856
2019-10-16,0.00821,20.10582,26.74759
2019-10-17,0.0076,22.22222,25.05609
2019-10-18,0.00884,21.69312,23.80185
2019-10-19,0.00839,18.51851,25.88458
2019-10-20,0.00807,19.57671,28.12841
2019-10-21,0.00888,28.57142,28.14567
2019-10-22,0.00819,16.93121,25.89609
2019-10-23,0.00815,30.68783,27.28841
2019-10-24,0.00919,19.57671,25.89609
2019-10-25,0.00915,25.92592,22.32322
2019-10-26,0.00851,22.75132,21.62706
2019-10-27,0.0075,25.92592,25.48184
2019-10-28,0.0076,29.10052,27.95006
2019-10-29,0.00788,20.10582,27.59334
2019-10-30,0.00823,19.57671,26.25855
2019-10-31,0.00754,17.46031,24.15856
2019-11-01,0.00717,20.63492,28.04211
2019-11-02,0.00721,21.69312,26.01691
2019-11-03,0.00833,29.62962,29.30211
2019-11-04,0.00813,25.92592,28.84759
2019-11-05,0.00784,24.33862,28.82457
2019-11-06,0.00829,26.98412,28.97992
2019-11-07,0.00784,18.51851,27.96732
2019-11-08,0.00699,18.51851,23.76157
2019-11-09,0.00719,30.68783,26.43116
2019-11-10,0.00717,40.74074,30.60813
2019-11-11,0.00788,20.63492,28.65197
2019-11-12,0.00835,20.63492,30.07306
2019-11-13,0.00758,17.46031,25.11938
2019-11-14,0.0077,24.33862,24.63034
2019-11-15,0.00933,17.98941,24.26787
2019-11-16,0.00923,21.69312,24.20459
2019-11-17,0.00868,27.51322,29.99827
2019-11-18,0.00854,23.80952,29.40567
2019-11-19,0.00735,28.57142,27.24239
2019-11-20,0.00823,16.40211,27.21937
2019-11-21,0.00937,25.92592,25.07335
2019-11-22,0.00819,17.46031,22.57637
2019-11-23,0.0086,19.57671,23.70979
2019-11-24,0.00676,26.45502,28.81882
2019-11-25,0.00725,25.39682,30.53334
2019-11-26,0.00786,21.69312,29.11224
2019-11-27,0.00668,17.46031,28.15718
2019-11-28,0.00745,21.16402,26.37362
2019-11-29,0.00688,23.28042,25.75801
2019-11-30,0.00674,19.04761,25.07335
2019-12-01,0.00725,26.45502,33.61141
2019-12-02,0.00772,21.16402,28.35855
2019-12-03,0.00715,17.98941,28.0306
2019-12-04,0.00697,24.86772,27.48978
2019-12-05,0.00772,14.81481,25.81554
2019-12-06,0.0078,16.40211,25.90184
2019-12-07,0.00782,20.63492,25.4128
2019-12-08,0.00737,31.74603,29.87169
2019-12-09,0.00868,22.22222,29.52649
2019-12-10,0.00876,12.16931,27.3517
2019-12-11,0.0079,19.57671,27.83499
2019-12-12,0.00735,29.10052,25.96513
2019-12-13,0.00731,20.63492,24.49801
2019-12-14,0.00721,17.98941,25.41856
2019-12-15,0.00703,29.62962,29.7106
2019-12-16,0.00733,18.51851,27.92129
2019-12-17,0.00741,31.21693,27.46677
2019-12-18,0.00713,23.80952,28.66348
2019-12-19,0.00587,13.75661,24.9813
2019-12-20,0.00752,16.40211,23.61199
2019-12-21,0.00735,20.10582,24.07226
2019-12-22,0.00719,24.33862,29.31361
2019-12-23,0.00692,12.16931,27.5243
2019-12-24,0.00786,15.87301,24.35417
2019-12-25,0.00709,22.75132,29.90046
2019-12-26,0.00815,21.69312,27.71992
2019-12-27,0.00754,26.98412,27.1791
2019-12-28,0.00721,32.80423,29.21005
2019-12-29,0.00623,25.39682,33.88182
2019-12-30,0.00845,37.03703,28.13992
2019-12-31,0.00878,19.57671,24.895
2020-01-01,0.00699,20.10582,31.59772
2020-01-02,0.00837,24.33862,30.54484
2020-01-03,0.00892,28.04232,28.6117
2020-01-04,0.00982,16.40211,30.35498
2020-01-05,0.00723,31.21693,33.96237
2020-01-06,0.00803,37.03703,32.1558
2020-01-07,0.00819,24.86772,33.03607
2020-01-08,0.00766,21.16402,31.91991
2020-01-09,0.05189,25.39682,36.31551
2020-01-10,0.03939,24.33862,31.69552
2020-01-11,0.01593,25.92592,34.04867
2020-01-12,0.00951,37.56613,40.40619
2020-01-13,0.00984,28.57142,36.54565
2020-01-14,0.01065,26.45502,35.13606
2020-01-15,0.0097,29.10052,32.2421
2020-01-16,0.01328,28.04232,31.14895
2020-01-17,0.01487,30.68783,28.51389
2020-01-18,0.00974,38.62433,30.78073
2020-01-19,0.00996,43.91534,36.21195
2020-01-20,0.06854,25.92592,31.6495
2020-01-21,0.13684,22.22222,29.65306
2020-01-22,0.21613,21.69312,31.05114
2020-01-23,0.94802,20.63492,25.61417
2020-01-24,1.48423,21.69312,26.13773
2020-01-25,1.32177,17.98941,30.59087
2020-01-26,2.12683,27.51322,37.03469
2020-01-27,2.08668,38.09523,42.23577
2020-01-28,2.92982,27.51322,34.95195
2020-01-29,2.76173,23.80952,34.56648
2020-01-30,2.9529,25.92592,32.98429
2020-01-31,4.50026,31.21693,29.51498
2020-02-01,3.12814,44.44444,38.70893
2020-02-02,3.34922,33.33333,61.19901
2020-02-03,4.34857,33.33333,47.20671
2020-02-04,4.14043,36.50793,42.48892
2020-02-05,3.76198,38.09523,40.36016
2020-02-06,4.73247,31.21693,41.7755
2020-02-07,4.26499,38.62433,45.28508
2020-02-08,3.4066,34.92063,50.00287
2020-02-09,3.06098,49.20634,53.21327
2020-02-10,3.65809,30.68783,43.86974
2020-02-11,2.85086,27.51322,41.79276
2020-02-12,3.02016,43.38624,44.00207
2020-02-13,3.72185,27.51322,38.93907
2020-02-14,2.81079,32.27513,35.46401
2020-02-15,2.17298,36.50793,38.98509
2020-02-16,2.24491,44.44444,45.60727
2020-02-17,2.6342,41.26984,45.56124
2020-02-18,4.72283,35.44973,41.33248
2020-02-19,17.37258,36.50793,38.34071
2020-02-20,41.35139,28.57142,33.91059
2020-02-21,63.60004,35.44973,30.48156
2020-02-22,70.95608,30.68783,36.81031
2020-02-23,71.03224,47.08994,45.68206
2020-02-24,91.59004,39.15343,34.41689
2020-02-25,100.0,41.79894,41.1081
2020-02-26,85.89328,40.21164,34.07168
2020-02-27,81.99333,35.97883,36.60894
2020-02-28,77.20061,46.03174,37.58126
2020-02-29,68.26237,56.08465,48.43794
2020-03-01,58.5719,75.13227,57.15436
2020-03-02,73.17345,43.91534,45.42891
2020-03-03,60.07905,46.03174,49.92232
2020-03-04,53.87875,64.55026,46.28617
2020-03-05,47.68293,51.32275,46.87302
2020-03-06,40.81752,55.55555,44.05385
2020-03-07,32.72681,75.66137,51.54479
2020-03-08,31.53019,84.65608,65.50831
2020-03-09,41.06235,70.37037,52.77601
2020-03-10,42.83035,70.37037,49.46205
2020-03-11,38.20409,72.48677,49.68068
2020-03-12,35.79797,72.48677,44.4048
2020-03-13,33.27097,56.61375,41.29796
2020-03-14,25.59055,71.42857,51.913
2020-03-15,23.04466,82.01058,54.87601
2020-03-16,30.29967,73.54497,47.17219
2020-03-17,27.73488,62.96296,45.50946
2020-03-18,27.06038,54.49735,42.42563
2020-03-19,24.45144,67.19576,42.29906
2020-03-20,22.95241,52.91005,38.66866
2020-03-21,19.57353,48.67724,39.88838
2020-03-22,19.37547,65.60846,53.44341
2020-03-23,22.35147,48.14814,42.72481
2020-03-24,21.7009,70.89947,42.59823
2020-03-25,20.10912,60.84656,40.90673
2020-03-26,20.00302,70.37037,39.88838
2020-03-27,20.26164,58.20105,39.11167
2020-03-28,18.50286,61.90476,42.66728
2020-03-29,17.02967,66.13756,53.54697
2020-03-30,19.02162,54.49735,44.62919
2020-03-31,17.97858,61.90476,42.44289
2020-04-01,16.50537,57.67195,41.16564
2020-04-02,16.99596,60.84656,44.43357
2020-04-03,16.65032,83.59788,41.51084
2020-04-04,12.97243,65.07936,42.35084
2020-04-05,12.45775,85.71428,48.7889
2020-04-06,16.13853,83.59788,45.68206
2020-04-07,17.31335,62.96296,41.58563
2020-04-08,16.36942,64.02116,41.53961
2020-04-09,15.34689,61.90476,39.83084
2020-04-10,17.43833,57.14285,48.10425
2020-04-11,15.09204,59.25925,50.9752
2020-04-12,13.26402,89.94708,59.6686
2020-04-13,15.54213,71.42857,45.50946
2020-04-14,14.29465,60.84656,41.76974
2020-04-15,13.03774,60.31746,46.24014
2020-04-16,16.14269,53.96825,41.22317
2020-04-17,13.5543,61.37566,44.69248
2020-04-18,10.35571,59.25925,52.85081
2020-04-19,11.77132,95.76719,58.24751
2020-04-20,14.62888,54.49735,47.99493
2020-04-21,12.11213,76.19047,45.27357
2020-04-22,11.94767,66.66666,43.74316
2020-04-23,11.04524,68.78306,43.50152
2020-04-24,10.91964,48.14814,40.64208
2020-04-25,9.58157,63.49206,52.02232
2020-04-26,8.98309,75.66137,56.9645
2020-04-27,10.22523,67.19576,44.8996
2020-04-28,9.29053,46.03174,41.39002
2020-04-29,8.90397,55.02645,34.25579
2020-04-30,7.86797,46.56084,37.77688
2020-05-01,8.50132,46.03174,36.41907
2020-05-02,7.96921,50.26455,38.46153
2020-05-03,8.19475,40.74074,46.0848
2020-05-04,8.8566,36.50793,38.09907
2020-05-05,6.95999,47.61904,43.35768
2020-05-06,8.79588,31.21693,39.76756
2020-05-07,9.54771,38.62433,35.93579
2020-05-08,17.29333,15.87301,33.72072
2020-05-09,19.48613,24.33862,37.92647
2020-05-10,19.83103,31.21693,50.07191
2020-05-11,23.21304,25.39682,38.01852
2020-05-12,18.01789,30.15873,38.46729
2020-05-13,17.49295,33.33333,36.94839
2020-05-14,15.02557,26.98412,33.69196
2020-05-15,11.52668,34.39153,36.1199
2020-05-16,8.25555,28.57142,38.98509
2020-05-17,7.3702,42.32804,43.53604
2020-05-18,9.07283,41.26984,40.95276
2020-05-19,8.56261,33.33333,40.50399
2020-05-20,10.67422,25.92592,36.41907
2020-05-21,9.64842,30.68783,36.30401
2020-05-22,8.76113,27.51322,34.66428
2020-05-23,6.9601,28.04232,33.14538
2020-05-24,6.50091,23.80952,42.29906
2020-05-25,8.10028,40.21164,36.64346
2020-05-26,7.86186,34.92063,35.82072
2020-05-27,11.37675,31.74603,34.47442
2020-05-28,17.47161,17.98941,34.41689
2020-05-29,13.77112,22.75132,29.17553
2020-05-30,8.76378,29.10052,30.28594
2020-05-31,8.14468,25.39682,38.73194
2020-06-01,9.33992,25.92592,35.70565
2020-06-02,8.3146,34.39153,35.57332
2020-06-03,8.39629,22.75132,35.78044
2020-06-04,7.68979,32.27513,34.31333
2020-06-05,7.31411,20.10582,29.90621
2020-06-06,6.76767,26.98412,29.81991
2020-06-07,7.19161,41.79894,34.71606
2020-06-08,8.82113,21.16402,33.08785
2020-06-09,8.56045,33.86243,31.18347
2020-06-10,7.48552,30.15873,31.41361
2020-06-11,7.4213,19.57671,30.84402
2020-06-12,8.22537,25.39682,27.92129
2020-06-13,5.86766,22.75132,28.73252
2020-06-14,5.63604,39.68253,34.41113
2020-06-15,7.65806,25.92592,32.46648
2020-06-16,6.82953,14.28571,31.38484
2020-06-17,6.87578,25.39682,30.41251
2020-06-18,6.60712,38.09523,31.93141
2020-06-19,6.33553,21.69312,27.08129
2020-06-20,6.1597,20.63492,28.39882
2020-06-21,6.05281,46.56084,34.92894
2020-06-22,7.5998,20.63492,28.4506
2020-06-23,7.43522,18.51851,27.06978
2020-06-24,6.23368,22.75132,28.35855
2020-06-25,6.01975,20.63492,28.65197
2020-06-26,5.89177,23.80952,27.20211
2020-06-27,5.40175,17.98941,26.94321
2020-06-28,5.97626,28.04232,32.59881
2020-06-29,7.13061,12.16931,29.70485
2020-06-30,5.73981,14.81481,29.19855
2020-07-01,6.36533,23.28042,28.66923
2020-07-02,6.80996,17.98941,27.58759
2020-07-03,7.02,16.40211,25.71198
2020-07-04,6.06635,20.10582,27.51855
2020-07-05,6.11406,30.15873,29.69909
2020-07-06,7.01142,21.16402,28.9569
2020-07-07,5.99953,25.92592,29.7106
2020-07-08,6.03942,27.51322,27.11581
2020-07-09,5.6326,22.75132,27.37471
2020-07-10,4.50321,27.51322,24.54404
2020-07-11,3.9061,11.11111,26.45417
2020-07-12,4.14553,15.87301,34.99798
2020-07-13,4.82457,31.21693,31.44237
2020-07-14,4.73687,22.75132,30.86703
2020-07-15,4.30253,20.63492,27.63937
2020-07-16,4.43772,10.58201,26.7591
2020-07-17,4.51057,21.69312,27.20211
2020-07-18,3.63918,27.51322,26.5117
2020-07-19,3.48112,38.62433,32.97278
2020-07-20,4.72203,33.86243,29.36539
2020-07-21,4.46106,22.22222,29.25608
2020-07-22,4.60161,23.28042,30.0443
2020-07-23,4.35636,22.75132,29.19855
2020-07-24,4.37743,20.63492,41.95385
2020-07-25,4.95471,30.15873,40.92975
2020-07-26,4.02167,38.09523,43.54179
2020-07-27,3.86976,26.45502,36.48236
2020-07-28,3.67099,10.58201,33.51936
2020-07-29,3.59036,27.51322,30.91881
2020-07-30,3.79068,25.39682,30.45279
2020-07-31,3.49985,19.04761,28.39882
2020-08-01,2.92463,20.10582,30.44703
2020-08-02,3.15429,17.46031,34.43415
2020-08-03,3.7214,19.57671,30.00402
2020-08-04,3.83515,20.63492,28.93964
2020-08-05,3.74268,18.51851,29.31361
2020-08-06,3.39871,19.57671,28.11115
2020-08-07,3.0578,21.16402,26.47718
2020-08-08,2.74702,16.40211,28.55992
2020-08-09,3.04763,31.74603,33.36401
2020-08-10,3.52037,22.75132,30.98786
2020-08-11,3.56878,22.75132,30.82101
2020-08-12,3.82908,20.63492,28.85334
2020-08-13,4.33991,13.75661,26.53472
2020-08-14,12.78894,17.46031,27.12732
2020-08-15,15.51462,18.51851,24.37144
2020-08-16,24.62812,24.33862,30.53909
2020-08-17,25.7265,24.33862,32.20182
2020-08-18,33.344,23.80952,29.57827
2020-08-19,33.21282,25.92592,29.538
2020-08-20,31.55145,24.33862,28.24923
2020-08-21,29.67569,25.39682,29.16978
2020-08-22,23.10676,37.03703,31.661
2020-08-23,25.13149,38.09523,39.29578
2020-08-24,34.18865,41.26984,37.46044
2020-08-25,29.706,31.21693,35.00373
2020-08-26,29.23206,30.68783,35.30867
2020-08-27,35.01023,38.62433,39.69852
2020-08-28,31.58055,34.39153,36.29825
2020-08-29,19.67705,57.67195,43.15056
2020-08-30,17.83653,53.96825,55.53765
2020-08-31,23.56984,54.49735,48.47246
2020-09-01,20.56409,40.74074,46.70617
2020-09-02,19.40273,49.73544,49.34698
2020-09-03,18.15997,48.14814,42.44865
2020-09-04,20.85131,43.91534,44.96289
2020-09-05,11.06081,41.79894,42.24152
2020-09-06,10.559,52.91005,49.55986
2020-09-07,14.24101,44.97354,46.7522
2020-09-08,14.11007,33.86243,42.31632
2020-09-09,13.85251,34.39153,40.8607
2020-09-10,13.20558,30.15873,36.80455
2020-09-11,12.91384,29.62962,36.83907
2020-09-12,11.23112,39.68253,40.82618
2020-09-13,15.74903,35.44973,43.40947
2020-09-14,11.91549,30.15873,37.85167
2020-09-15,10.59455,23.80952,37.93222
2020-09-16,10.3442,26.98412,40.15879
2020-09-17,11.11366,30.15873,35.05552
2020-09-18,9.52865,25.39682,32.88073
2020-09-19,7.71427,20.10582,32.10402
2020-09-20,8.05224,23.80952,36.81606
2020-09-21,10.37347,22.75132,33.0936
2020-09-22,10.67669,31.74603,32.73114
2020-09-23,9.94881,32.27513,30.80375
2020-09-24,9.19194,21.69312,31.26402
2020-09-25,7.99829,20.63492,27.57033
2020-09-26,6.74215,21.69312,30.86128
2020-09-27,6.51277,31.21693,35.41798
2020-09-28,8.06144,21.69312,27.96732
2020-09-29,8.08386,18.51851,24.16431
2020-09-30,8.24367,16.40211,29.34238
2020-10-01,8.13809,15.87301,31.63799
2020-10-02,8.34265,25.92592,38.96783
2020-10-03,7.25812,28.04232,41.05057
2020-10-04,7.36026,38.09523,38.97934
2020-10-05,9.94188,40.74074,40.0092
2020-10-06,8.48925,31.21693,37.49496
2020-10-07,8.8333,22.22222,35.0325
2020-10-08,8.14877,28.04232,30.87279
2020-10-09,6.13383,33.33333,39.04263
2020-10-10,5.93547,26.45502,36.48811
2020-10-11,10.67241,35.97883,45.36562
2020-10-12,10.43516,29.62962,36.2062
2020-10-13,8.77326,26.45502,34.68154
2020-10-14,9.95134,23.80952,35.21086
2020-10-15,8.87627,25.92592,32.95552
2020-10-16,8.46211,22.22222,31.37333
2020-10-17,5.49123,21.69312,33.45031
2020-10-18,5.40719,31.21693,36.61469
2020-10-19,6.52836,24.33862,34.69305
2020-10-20,5.84255,25.92592,34.05442
2020-10-21,6.34515,28.57142,34.44565
2020-10-22,7.41251,18.51851,34.8599
2020-10-23,8.97041,22.22222,29.96375
2020-10-24,6.06029,22.22222,30.84977
2020-10-25,4.92212,20.10582,35.91853
2020-10-26,7.00023,19.04761,33.32949
2020-10-27,6.49592,17.46031,32.01772
2020-10-28,6.43143,25.39682,32.4147
2020-10-29,6.99847,17.46031,29.91772
2020-10-30,5.94742,13.22751,30.37224
2020-10-31,5.50729,19.57671,30.8095
2020-11-01,10.07112,19.57671,43.96179
2020-11-02,7.86718,13.75661,40.26235
2020-11-03,5.41746,14.81481,37.77688
2020-11-04,5.61965,16.40211,37.28784
2020-11-05,6.05917,21.16402,35.22812
2020-11-06,5.85439,24.33862,38.09907
2020-11-07,4.38538,21.69312,38.26016
2020-11-08,4.56042,28.04232,43.58782
2020-11-09,6.26972,21.69312,39.45112
2020-11-10,5.58445,24.33862,36.74126
2020-11-11,5.40734,22.75132,36.87359
2020-11-12,5.84194,18.51851,35.04401
2020-11-13,9.65288,20.63492,33.19141
2020-11-14,9.52395,19.04761,37.62154
2020-11-15,9.63113,28.57142,43.50727
2020-11-16,14.09701,16.93121,39.03112
2020-11-17,12.89994,25.92592,37.62729
2020-11-18,21.73455,25.39682,37.06346
2020-11-19,23.06987,28.04232,39.07139
2020-11-20,22.42497,24.86772,36.22921
2020-11-21,19.28253,30.15873,38.6629
2020-11-22,20.83574,43.38624,47.89712
2020-11-23,21.3509,38.09523,42.02289
2020-11-24,18.10054,27.51322,40.60755
2020-11-25,22.24255,37.56613,40.19906
2020-11-26,48.40056,31.74603,37.81715
2020-11-27,35.52447,34.39153,39.61222
2020-11-28,25.24133,31.74603,47.96616
2020-11-29,31.3923,60.31746,56.61354
2020-11-30,31.54617,40.21164,45.42891
2020-12-01,21.14642,22.22222,46.86151
2020-12-02,20.46287,25.39682,44.24371
2020-12-03,20.65972,34.39153,43.44974
2020-12-04,32.96475,19.57671,41.15988
2020-12-05,21.59925,31.21693,53.90944
2020-12-06,26.35378,36.50793,54.59409
2020-12-07,25.79867,34.39153,46.40699
2020-12-08,21.5786,43.38624,49.04205
2020-12-09,22.36989,38.09523,52.85656
2020-12-10,21.95751,30.15873,48.43794
2020-12-11,25.75261,28.57142,44.6522
2020-12-12,45.52264,32.27513,47.35055
2020-12-13,46.28487,38.09523,61.46942
2020-12-14,44.52544,39.15343,52.18341
2020-12-15,34.52029,34.39153,54.59985
2020-12-16,36.74064,35.44973,53.7656
2020-12-17,33.3388,38.62433,48.73712
2020-12-18,27.70343,32.27513,46.07329
2020-12-19,22.92583,43.91534,61.56147
2020-12-20,25.35365,44.97354,64.61653
2020-12-21,29.58536,29.10052,60.24969
2020-12-22,23.47876,38.09523,51.71739
2020-12-23,21.73691,32.80423,51.70588
2020-12-24,16.94496,25.39682,43.83522
2020-12-25,19.66282,29.62962,51.71739
2020-12-26,20.84279,26.98412,58.14395
2020-12-27,24.77112,50.26455,64.89269
2020-12-28,20.51006,35.97883,53.69081
2020-12-29,19.01932,40.74074,53.98423
2020-12-30,16.36194,39.15343,57.67217
2020-12-31,14.79837,39.15343,52.25821
2021-01-01,13.4156,33.86243,58.54668
2021-01-02,16.22807,42.32804,61.19901
2021-01-03,14.26351,43.91534,62.17708
2021-01-04,16.77767,46.03174,49.07657
2021-01-05,15.34404,28.04232,45.92946
2021-01-06,14.14839,35.97883,46.34946
2021-01-07,12.87621,26.98412,48.94424
2021-01-08,12.88449,32.80423,50.20424
2021-01-09,11.56469,28.57142,58.50066
2021-01-10,11.46201,32.80423,66.44036
2021-01-11,15.24003,41.79894,53.38012
2021-01-12,13.98564,32.27513,53.66779
2021-01-13,13.19831,43.91534,51.13054
2021-01-14,13.3166,32.80423,47.83959
2021-01-15,12.35382,35.44973,48.37466
2021-01-16,13.39787,32.80423,62.19435
2021-01-17,8.91524,51.32275,61.31983
2021-01-18,11.14364,28.57142,53.97272
2021-01-19,10.45461,39.68253,49.31822
2021-01-20,10.07328,30.68783,51.60232
2021-01-21,9.32934,29.10052,51.1478
2021-01-22,9.36749,34.92063,53.23053
2021-01-23,8.05184,42.32804,58.12093
2021-01-24,8.58933,31.74603,65.97433
2021-01-25,11.20032,28.04232,49.76123
2021-01-26,9.85509,34.92063,50.60123
2021-01-27,11.28332,28.04232,48.21356
2021-01-28,9.24881,34.92063,46.84425
2021-01-29,8.63566,21.16402,52.71848
2021-01-30,7.88136,35.44973,54.433
2021-01-31,11.34393,30.15873,56.15327
2021-02-01,7.96972,31.74603,45.88918
2021-02-02,7.60349,28.04232,45.89494
2021-02-03,8.01839,31.21693,42.74207
2021-02-04,7.29905,26.98412,43.35768
2021-02-05,6.68223,28.57142,43.62809
2021-02-06,6.90421,30.68783,45.31384
2021-02-07,5.61325,31.21693,50.23301
2021-02-08,7.09574,30.68783,43.5533
2021-02-09,7.17586,31.21693,39.13468
2021-02-10,6.82502,15.34391,35.33743
2021-02-11,6.53613,27.51322,39.37057
2021-02-12,6.32844,28.04232,44.67522
2021-02-13,9.48092,39.15343,44.34727
2021-02-14,6.74119,35.44973,51.85547
2021-02-15,8.00188,33.33333,46.97083
2021-02-16,7.38206,23.28042,48.6163
2021-02-17,12.22272,32.27513,43.31166
2021-02-18,10.99145,30.68783,44.0596
2021-02-19,8.73264,20.63492,40.71687
2021-02-20,6.50048,23.80952,40.62482
2021-02-21,5.82745,28.04232,44.80754
2021-02-22,7.17957,12.16931,38.63414
2021-02-23,6.56383,23.28042,40.10701
2021-02-24,6.30182,25.92592,36.05086
2021-02-25,6.12649,35.97883,36.09113
2021-02-26,6.39702,21.69312,33.49634
2021-02-27,4.66871,20.10582,37.55825
2021-02-28,4.67568,28.04232,40.01495
2021-03-01,4.48713,26.45502,48.7026
2021-03-02,5.7202,22.75132,39.37057
2021-03-03,5.31621,13.22751,36.26373
2021-03-04,5.2817,16.93121,38.66866
2021-03-05,5.41457,18.51851,35.61935
2021-03-06,4.52284,22.22222,43.32316
2021-03-07,4.22683,33.33333,44.80754
2021-03-08,5.508,25.39682,38.29468
2021-03-09,5.12523,21.69312,37.40291
2021-03-10,5.31382,19.57671,37.75962
2021-03-11,5.29884,18.51851,35.6136
2021-03-12,5.59872,17.46031,36.20044
2021-03-13,4.04215,21.69312,53.0004
2021-03-14,4.21611,24.33862,54.84724
2021-03-15,5.00241,21.16402,45.03768
2021-03-16,4.66602,32.80423,41.86755
2021-03-17,4.5612,19.57671,42.46015
2021-03-18,4.43538,16.93121,40.87221
2021-03-19,4.14589,16.40211,37.70208
2021-03-20,3.39553,23.80952,43.65111
2021-03-21,3.36001,34.92063,48.79466
2021-03-22,4.39254,13.75661,41.93659
2021-03-23,4.02548,29.10052,39.18646
2021-03-24,4.21114,27.51322,38.04729
2021-03-25,4.16524,30.68783,34.98072
2021-03-26,4.4055,14.28571,36.24072
2021-03-27,3.95314,34.92063,45.98699
2021-03-28,3.75611,28.57142,46.52206
2021-03-29,4.73819,22.22222,43.56481
2021-03-30,4.30165,19.04761,40.88372
2021-03-31,4.46819,24.33862,39.18646
2021-04-01,5.34705,16.93121,36.51113
2021-04-02,5.05073,22.75132,38.89304
2021-04-03,3.76127,33.33333,49.57137
2021-04-04,4.3191,33.86243,48.16753
2021-04-05,6.46076,22.75132,43.40947
2021-04-06,5.97306,21.69312,41.09084
2021-04-07,9.29371,25.39682,39.68126
2021-04-08,12.78932,19.57671,38.1451
2021-04-09,11.66354,23.28042,37.02318
2021-04-10,6.50332,29.10052,37.48345
2021-04-11,5.85906,28.04232,44.77302
2021-04-12,7.49543,34.39153,43.85823
2021-04-13,6.19145,31.74603,38.17386
2021-04-14,7.90953,25.92592,38.75496
2021-04-15,7.00424,32.80423,45.70508
2021-04-16,5.97976,29.62962,35.47551
2021-04-17,4.39863,35.97883,37.15551
2021-04-18,4.39496,38.09523,42.35084
2021-04-19,5.61454,36.50793,39.12893
2021-04-20,5.05291,28.04232,37.23606
2021-04-21,5.83998,31.21693,35.09579
2021-04-22,5.92583,31.21693,34.76209
2021-04-23,7.84011,16.93121,32.20182
2021-04-24,5.78744,22.22222,34.67004
2021-04-25,5.09307,29.10052,37.78263
2021-04-26,6.64735,24.33862,35.93579
2021-04-27,5.74068,21.69312,34.34209
2021-04-28,5.83468,31.21693,34.16949
2021-04-29,5.0671,23.28042,35.58483
2021-04-30,4.73779,18.51851,34.45141
2021-05-01,3.36333,21.16402,40.7629
2021-05-02,3.21116,22.75132,39.08866
2021-05-03,4.22141,23.80952,38.72619
2021-05-04,3.91511,24.86772,35.43524
2021-05-05,3.23376,20.63492,36.35003
2021-05-06,3.90418,26.45502,35.23387
2021-05-07,3.60528,23.28042,32.81744
2021-05-08,3.12207,26.98412,36.98291
2021-05-09,2.87306,30.68783,37.97249
2021-05-10,3.8133,37.56613,35.23962
2021-05-11,3.6907,30.15873,33.10511
2021-05-12,3.64727,20.10582,32.44922
2021-05-13,3.81876,19.57671,30.34923
2021-05-14,3.92618,26.98412,27.90978
2021-05-15,2.74009,28.57142,31.32731
2021-05-16,2.56032,30.15873,38.19688
2021-05-17,3.41057,29.62962,35.59634
2021-05-18,3.13888,23.80952,29.75663
2021-05-19,2.53346,22.22222,30.0558
2021-05-20,3.09414,18.51851,32.28237
2021-05-21,3.20123,15.34391,29.71635
2021-05-22,2.5389,25.92592,29.26183
2021-05-23,2.3319,28.57142,32.28813
2021-05-24,3.09604,19.04761,29.31361
2021-05-25,2.97929,100.0,29.79115
2021-05-26,3.51171,22.22222,29.61854
2021-05-27,3.00159,15.87301,33.45031
2021-05-28,2.70475,20.63492,28.59444
2021-05-29,2.11569,24.86772,28.33553
2021-05-30,2.16303,27.51322,32.65059
2021-05-31,3.18032,19.04761,28.81307
2021-06-01,3.25057,23.80952,28.55992
2021-06-02,3.1357,21.16402,27.84074
2021-06-03,3.20099,33.33333,29.33663
2021-06-04,2.89917,21.16402,25.63143
2021-06-05,2.42932,19.57671,25.64294
2021-06-06,2.19499,24.33862,31.32155
2021-06-07,2.88025,16.93121,30.68292
2021-06-08,2.75605,12.69841,31.09142
2021-06-09,3.107,17.98941,27.40923
2021-06-10,2.87453,23.80952,28.31827
2021-06-11,2.71966,18.51851,26.73609
2021-06-12,1.94464,17.98941,25.92486
2021-06-13,1.92835,25.39682,29.71635
2021-06-14,2.76041,17.46031,28.76704
2021-06-15,2.98104,21.69312,29.99252
2021-06-16,2.85005,9.5238,27.29992
2021-06-17,2.60546,10.05291,27.84074
2021-06-18,2.45127,16.40211,25.16541
2021-06-19,1.85763,19.04761,24.4865
2021-06-20,2.50898,19.57671,28.42183
2021-06-21,3.02817,7.9365,28.5254
2021-06-22,2.8259,7.9365,26.33335
2021-06-23,3.45784,15.87301,26.70157
2021-06-24,3.04859,7.4074,26.45992
2021-06-25,2.65829,10.58201,23.52568
2021-06-26,2.10431,16.40211,32.1673
2021-06-27,2.29172,29.10052,35.2051
2021-06-28,2.78721,22.22222,32.67936
2021-06-29,3.09867,19.57671,31.90265
2021-06-30,7.37966,12.69841,28.76129
2021-07-01,5.41239,21.69312,28.63471
2021-07-02,5.74965,11.11111,29.64731
2021-07-03,3.92526,43.38624,32.70237
2021-07-04,3.64454,38.09523,33.81278
2021-07-05,5.10898,29.10052,32.07525
2021-07-06,14.3784,27.51322,30.68292
2021-07-07,26.94092,26.45502,28.9569
2021-07-08,25.90729,26.45502,28.69225
2021-07-09,26.09994,14.81481,27.4265
2021-07-10,12.83698,32.80423,29.78539
2021-07-11,10.50365,33.86243,33.01306
2021-07-12,14.33448,34.39153,32.40895
2021-07-13,13.16586,25.39682,31.86813
2021-07-14,18.79481,18.51851,32.21908
2021-07-15,14.68012,20.10582,34.50319
2021-07-16,12.14969,21.16402,28.41033
2021-07-17,8.71162,23.28042,29.06046
2021-07-18,9.06861,29.62962,32.09826
2021-07-19,12.12727,19.04761,30.39525
2021-07-20,12.53473,20.63492,31.83936
2021-07-21,16.54911,23.28042,28.50814
2021-07-22,13.77799,20.10582,29.58978
2021-07-23,11.63876,18.51851,26.67855
2021-07-24,7.76459,23.28042,29.57252
2021-07-25,7.71963,23.28042,30.33772
2021-07-26,9.28338,17.46031,29.18704
2021-07-27,8.38064,19.04761,29.24457
2021-07-28,10.33821,22.22222,30.37224
2021-07-29,8.7284,21.16402,27.83499
2021-07-30,7.58533,23.80952,26.78211
2021-07-31,5.59367,32.80423,25.47034
2021-08-01,5.41883,33.86243,32.10402
2021-08-02,6.8729,19.04761,28.17444
2021-08-03,7.18788,28.57142,29.19855
2021-08-04,7.83632,29.10052,28.08814
2021-08-05,7.62106,27.51322,31.63799
2021-08-06,6.93794,24.86772,30.18813
2021-08-07,5.17706,25.39682,31.661
2021-08-08,5.27149,31.74603,35.72291
2021-08-09,6.96582,23.80952,33.12237
2021-08-10,8.73767,25.92592,33.78977
2021-08-11,15.67627,25.39682,34.48593
2021-08-12,10.37184,31.21693,31.10868
2021-08-13,8.26552,30.15873,30.15936
2021-08-14,5.98891,29.62962,33.61716
2021-08-15,5.52078,31.21693,31.46539
2021-08-16,5.94091,42.85714,33.65168
2021-08-17,7.33382,22.22222,33.00155
2021-08-18,6.89392,25.92592,32.67936
2021-08-19,8.07263,31.74603,32.13278
2021-08-20,8.19384,29.62962,47.48863
2021-08-21,4.71288,27.51322,53.54697
2021-08-22,4.36457,31.74603,47.51165
2021-08-23,5.73895,43.91534,43.32892
2021-08-24,5.37974,32.80423,41.1944
2021-08-25,6.60013,28.57142,38.5766
2021-08-26,5.43277,28.04232,34.89442
2021-08-27,4.52392,23.28042,33.96237
2021-08-28,3.54497,35.97883,33.64018
2021-08-29,3.51405,35.97883,39.04838
2021-08-30,4.72203,26.98412,37.57551
2021-08-31,4.64898,29.10052,37.42017
2021-09-01,5.56379,19.04761,34.98647
2021-09-02,5.05049,13.75661,34.36511
2021-09-03,5.30657,15.34391,31.83936
2021-09-04,3.20761,19.57671,31.41936
2021-09-05,3.08489,19.04761,38.84126
2021-09-06,4.13513,17.46031,37.75386
2021-09-07,3.79221,26.98412,42.4544
2021-09-08,4.39934,18.51851,37.50647
2021-09-09,4.06304,21.69312,36.94839
2021-09-10,3.51954,7.9365,33.6747
2021-09-11,2.71074,20.63492,34.89442
2021-09-12,2.55339,23.28042,39.93441
2021-09-13,3.3909,19.04761,38.97359
2021-09-14,3.40352,17.98941,35.90702
2021-09-15,4.24579,22.22222,33.06484
2021-09-16,3.40014,24.86772,32.18456
2021-09-17,3.16994,17.98941,29.17553
2021-09-18,2.48957,23.80952,30.57936
2021-09-19,2.35222,17.46031,36.40181
2021-09-20,2.2904,16.93121,32.40319
2021-09-21,2.27943,19.57671,40.21632
2021-09-22,2.46974,19.57671,44.9859
2021-09-23,3.97992,11.64021,35.47551
2021-09-24,7.39784,26.98412,34.70456
2021-09-25,12.51806,16.40211,39.87112
2021-09-26,6.84512,18.51851,38.21414
2021-09-27,6.99715,20.10582,40.44646
2021-09-28,5.48114,22.22222,38.76646
2021-09-29,4.96423,18.51851,37.78263
2021-09-30,4.1582,23.80952,34.71031
2021-10-01,4.0438,9.5238,30.0443
2021-10-02,2.76771,19.57671,32.23059
2021-10-03,2.67707,14.81481,33.13963
2021-10-04,2.85198,29.62962,36.22346
2021-10-05,3.59493,13.22751,34.49168
2021-10-06,3.29919,15.34391,34.28456
2021-10-07,3.3064,15.34391,34.56648
2021-10-08,2.81342,15.34391,32.94977
2021-10-09,2.18034,19.04761,30.09032
2021-10-10,2.14353,25.39682,36.06236
2021-10-11,2.48517,21.16402,40.59605
2021-10-12,3.22612,8.9947,34.26154
2021-10-13,3.20496,13.22751,33.30648
2021-10-14,3.19242,36.50793,34.70456
2021-10-15,3.77327,29.62962,33.37552
2021-10-16,2.21535,22.75132,32.67936
2021-10-17,2.138,20.63492,37.71934
2021-10-18,3.39879,9.5238,34.07744
2021-10-19,3.26971,16.40211,32.01772
2021-10-20,2.8676,10.05291,30.27443
2021-10-21,2.61694,19.04761,33.63442
2021-10-22,2.44241,19.04761,29.35389
2021-10-23,2.02812,15.34391,29.15827
2021-10-24,1.90871,22.22222,32.28813
2021-10-25,3.31798,14.81481,30.99936
2021-10-26,2.77237,13.75661,29.45745
2021-10-27,3.02546,12.16931,30.5621
2021-10-28,3.15115,12.69841,30.18813
2021-10-29,3.56179,15.87301,30.37799
2021-10-30,2.40778,11.64021,30.10758
2021-10-31,2.6797,19.57671,33.26621
2021-11-01,3.99833,20.63492,33.06484
2021-11-02,3.49901,11.64021,33.07059
2021-11-03,5.05507,16.40211,33.8473
2021-11-04,4.29209,13.22751,32.84621
2021-11-05,3.79316,8.9947,29.31937
2021-11-06,2.51574,16.93121,31.39059
2021-11-07,2.25249,22.22222,34.94045
2021-11-08,2.90108,27.51322,35.67688
2021-11-09,2.6373,12.69841,33.94511
2021-11-10,2.75849,15.34391,33.5884
2021-11-11,2.83845,8.4656,32.98429
2021-11-12,2.67059,13.22751,31.12594
2021-11-13,2.23983,13.22751,29.21005
2021-11-14,2.10733,15.87301,33.0821
2021-11-15,2.94105,11.64021,32.48374
2021-11-16,2.94554,14.81481,33.01306
2021-11-17,5.61798,20.63492,34.46291
2021-11-18,4.69289,16.93121,30.12484
2021-11-19,3.90936,12.16931,26.83389
2021-11-20,2.80276,18.51851,32.71963
2021-11-21,2.82887,23.28042,41.52235
2021-11-22,3.63553,11.64021,35.18784
2021-11-23,3.5069,21.16402,35.48127
2021-11-24,9.5429,11.64021,36.43633
2021-11-25,7.54286,13.22751,32.51826
2021-11-26,6.94487,13.22751,30.90155
2021-11-27,5.15533,14.81481,30.87854
2021-11-28,4.69331,16.40211,39.79057
2021-11-29,8.72039,17.98941,35.14182
2021-11-30,5.58804,19.04761,36.67798
2021-12-01,12.18365,10.05291,33.33525
2021-12-02,12.20438,13.75661,32.88648
2021-12-03,12.47287,12.16931,30.76347
2021-12-04,5.91955,16.93121,33.87607
2021-12-05,5.02953,14.81481,39.08866
2021-12-06,6.85729,11.11111,36.70099
2021-12-07,6.52023,19.57671,35.93003
2021-12-08,14.87581,23.28042,34.21552
2021-12-09,12.2148,23.80952,35.96455
2021-12-10,9.77534,11.64021,32.93251
2021-12-11,6.67191,10.58201,33.56538
2021-12-12,5.8813,15.87301,44.60617
2021-12-13,8.83646,11.64021,41.95385
2021-12-14,7.70777,15.34391,36.70099
2021-12-15,11.11413,19.57671,35.76318
2021-12-16,14.7433,20.63492,34.84264
2021-12-17,6.73653,16.40211,32.17881
2021-12-18,4.77358,13.22751,34.90593
2021-12-19,4.27259,18.51851,42.84563
2021-12-20,5.71561,28.57142,39.77331
2021-12-21,5.44951,15.34391,42.96645
2021-12-22,5.4618,17.46031,36.2925
2021-12-23,4.7843,50.79365,34.30182
2021-12-24,3.95127,15.34391,31.71854
2021-12-25,2.97994,17.98941,35.06702
2021-12-26,3.11793,25.92592,41.67769
2021-12-27,4.29152,18.51851,40.60755
2021-12-28,4.61022,21.69312,37.33387
2021-12-29,4.40864,13.75661,37.11524
2021-12-30,3.83802,14.28571,36.02784
2021-12-31,3.46666,14.81481,33.77826
2022-01-01,2.53759,15.87301,40.23934
2022-01-02,2.58761,16.93121,43.82946
2022-01-03,3.58808,14.28571,40.43495
2022-01-04,3.65775,15.87301,40.07249
2022-01-05,3.47747,16.40211,41.13687
2022-01-06,3.19461,29.62962,41.13687
2022-01-07,3.12062,19.04761,42.57522
2022-01-08,2.39339,28.04232,45.35412
2022-01-09,2.37727,35.97883,50.28479
2022-01-10,3.33999,24.33862,43.08727
2022-01-11,2.98518,21.16402,44.93412
2022-01-12,3.02417,23.28042,43.01823
2022-01-13,2.97682,29.62962,42.56947
2022-01-14,3.09954,19.57671,43.8007
2022-01-15,2.00022,22.22222,43.89275
2022-01-16,1.85365,31.74603,53.00615
2022-01-17,2.48656,33.33333,42.51193
2022-01-18,2.31474,23.28042,40.9355
2022-01-19,2.79834,20.10582,40.85495
2022-01-20,3.59116,30.15873,44.72124
2022-01-21,3.48474,24.86772,40.75714
2022-01-22,3.00862,20.63492,41.3555
2022-01-23,3.18978,23.28042,48.23082
2022-01-24,4.61788,17.46031,46.56233
2022-01-25,7.80236,24.33862,47.62671
2022-01-26,15.39233,31.74603,43.7144
2022-01-27,11.31785,31.21693,42.02865
2022-01-28,8.92612,17.46031,38.11633
2022-01-29,6.8737,31.21693,42.99522
2022-01-30,5.9623,25.39682,47.8626
2022-01-31,5.32703,17.46031,46.67165
2022-02-01,5.23036,20.10582,49.93383
2022-02-02,8.02972,21.16402,55.18669
2022-02-03,10.42554,21.69312,46.85
2022-02-04,10.53306,32.80423,52.40204
2022-02-05,11.28589,33.86243,56.57902
2022-02-06,10.01173,43.38624,56.22806
2022-02-07,12.20844,25.92592,45.3311
2022-02-08,10.1243,31.74603,43.887
2022-02-09,13.12726,26.45502,41.56837
2022-02-10,11.3753,30.15873,39.8366
2022-02-11,9.33653,30.68783,40.01495
2022-02-12,7.27337,26.98412,43.00097
2022-02-13,6.51654,34.92063,48.32863
2022-02-14,8.39855,22.22222,41.29796
2022-02-15,9.26191,31.21693,41.01029
2022-02-16,16.61567,19.57671,40.43495
2022-02-17,13.06856,25.92592,41.00454
2022-02-18,11.99355,28.04232,41.11385
2022-02-19,7.38339,49.20634,73.85075
2022-02-20,6.4959,29.62962,93.11892
2022-02-21,8.34346,27.51322,100.0
2022-02-22,7.73524,27.51322,81.92278
2022-02-23,12.83337,25.92592,58.15545
2022-02-24,10.66069,30.15873,47.87411
2022-02-25,8.07788,28.57142,41.67194
2022-02-26,6.00255,29.10052,47.57493
2022-02-27,5.26656,25.92592,51.53328
2022-02-28,7.2931,16.93121,41.13112
2022-03-01,6.10193,24.33862,48.2711
2022-03-02,8.96909,19.04761,42.01139
2022-03-03,7.11374,12.69841,38.49605
2022-03-04,7.85433,25.39682,36.89661
2022-03-05,5.54418,21.69312,40.57303
2022-03-06,4.91913,27.51322,44.95138
2022-03-07,6.40304,25.92592,39.18646
2022-03-08,6.11457,13.22751,36.30976
2022-03-09,6.59728,24.86772,33.87031
2022-03-10,7.17286,14.81481,34.51469
2022-03-11,7.14535,16.40211,35.3662
2022-03-12,6.6135,19.04761,37.44318
2022-03-13,6.21992,29.62962,45.39439
2022-03-14,8.03842,22.75132,37.74811
2022-03-15,7.8089,12.16931,35.99907
2022-03-16,10.80624,17.46031,36.91387
2022-03-17,14.02292,17.98941,36.32702
2022-03-18,9.86877,22.75132,36.85058
2022-03-19,6.07847,28.57142,46.55658
2022-03-20,5.59344,25.39682,46.26316
2022-03-21,7.81257,13.75661,40.21057
2022-03-22,7.00475,20.63492,38.47304
2022-03-23,6.8695,17.98941,40.80317
2022-03-24,5.67234,24.86772,37.00017
2022-03-25,5.00646,19.57671,33.82429
2022-03-26,3.72089,10.05291,39.60071
2022-03-27,3.64686,12.69841,40.92975
2022-03-28,5.68365,19.57671,36.89085
2022-03-29,5.11765,18.51851,34.41113
2022-03-30,4.91381,16.93121,35.38921
2022-03-31,4.36133,24.86772,35.13606
2022-04-01,4.40764,20.63492,29.83142
2022-04-02,3.15959,22.75132,34.06593
2022-04-03,3.20953,20.63492,33.69771
2022-04-04,4.97326,19.57671,33.45607
2022-04-05,4.41245,16.93121,33.61141
2022-04-06,3.9519,21.16402,32.62758
2022-04-07,3.57544,16.93121,32.82319
2022-04-08,3.38773,22.75132,31.60347
2022-04-09,2.69245,14.28571,29.39991
2022-04-10,2.71769,16.93121,31.20073
2022-04-11,4.36308,9.5238,31.94292
2022-04-12,3.87053,20.10582,34.4399
2022-04-13,3.32456,19.04761,33.35251
2022-04-14,3.42307,14.28571,33.81853
2022-04-15,4.97458,12.69841,30.89005
2022-04-16,2.5752,13.75661,30.94183
2022-04-17,2.63053,23.28042,33.66894
2022-04-18,4.33206,12.69841,34.30757
2022-04-19,3.61121,10.05291,33.35826
2022-04-20,3.06915,15.87301,33.47908
2022-04-21,2.66465,11.64021,32.38593
2022-04-22,2.47439,14.28571,31.04539
2022-04-23,1.99335,14.28571,29.37115
2022-04-24,2.13947,23.80952,34.3536
2022-04-25,3.2488,12.16931,34.49743
2022-04-26,2.7203,13.22751,33.94511
2022-04-27,2.4709,12.16931,33.52511
2022-04-28,2.56921,8.9947,32.05799
2022-04-29,2.5937,12.16931,32.70812
2022-04-30,1.73234,19.04761,31.41936
2022-05-01,1.88582,14.81481,33.6862
2022-05-02,2.78489,17.98941,34.2673
2022-05-03,2.319,9.5238,33.0821
2022-05-04,2.06116,12.16931,31.39635
2022-05-05,1.55227,8.4656,30.47005
2022-05-06,1.9252,19.57671,30.86703
2022-05-07,1.4791,14.28571,35.33168
2022-05-08,1.45957,13.75661,41.0218
2022-05-09,2.18341,11.11111,38.93331
2022-05-10,1.82141,16.93121,36.60894
2022-05-11,1.77645,12.16931,36.91387
2022-05-12,1.70542,12.16931,33.83579
2022-05-13,1.64772,17.98941,31.58046
2022-05-14,1.28494,21.69312,36.66647
2022-05-15,1.28875,15.34391,38.97359
2022-05-16,1.90852,17.46031,37.41441
2022-05-17,1.86817,13.22751,39.07715
2022-05-18,1.69439,20.63492,36.23496
2022-05-19,1.66496,12.16931,29.72786
2022-05-20,1.67558,12.69841,27.88677
2022-05-21,1.15333,10.58201,26.70157
2022-05-22,1.18853,13.75661,29.9695
2022-05-23,1.72672,15.87301,29.02019
2022-05-24,1.55897,15.87301,30.67142
2022-05-25,1.45922,8.4656,28.03636
2022-05-26,1.39956,14.28571,26.88567
2022-05-27,1.30228,12.16931,24.54404
2022-05-28,1.07366,11.64021,23.78459
2022-05-29,1.07074,14.28571,26.66705
2022-05-30,1.63793,18.51851,28.76704
2022-05-31,1.4368,11.64021,25.99965
2022-06-01,1.11014,11.64021,27.78321
2022-06-02,1.3163,22.22222,26.85115
2022-06-03,1.27063,13.22751,26.48869
2022-06-04,1.01783,10.58201,25.11362
2022-06-05,0.94007,12.69841,28.70951
2022-06-06,1.08558,14.81481,29.06622
2022-06-07,1.34975,12.69841,27.14458
2022-06-08,1.34565,20.63492,28.54266
2022-06-09,1.21615,23.28042,27.44951
2022-06-10,1.15547,14.28571,25.9939
2022-06-11,0.9063,9.5238,33.11662
2022-06-12,0.94961,16.40211,42.85714
2022-06-13,1.35815,17.46031,42.01139
2022-06-14,1.32205,12.69841,41.22317
2022-06-15,1.17742,8.4656,32.29388
2022-06-16,1.15052,16.93121,28.40457
2022-06-17,1.22558,13.75661,27.99033
2022-06-18,0.8605,8.9947,28.13416
2022-06-19,0.82528,16.40211,30.29745
2022-06-20,1.1869,13.22751,29.06046
2022-06-21,1.14791,8.4656,27.91553
2022-06-22,1.19218,9.5238,26.95472
2022-06-23,0.97454,15.34391,25.21719
2022-06-24,0.96339,11.64021,23.56596
2022-06-25,0.74606,15.34391,22.27719
2022-06-26,0.7675,19.04761,27.38622
2022-06-27,1.03893,4.2328,27.65663
2022-06-28,1.09229,16.40211,25.98239
2022-06-29,1.39526,12.16931,27.60485
2022-06-30,1.17243,15.34391,24.46349
2022-07-01,1.14269,7.9365,23.53144
2022-07-02,1.10904,11.11111,23.27253
2022-07-03,1.2297,11.11111,26.62102
2022-07-04,1.64596,11.64021,26.74759
2022-07-05,2.52061,16.93121,26.72458
2022-07-06,2.71748,6.3492,24.055
2022-07-07,2.57891,14.81481,24.69938
2022-07-08,2.81126,10.58201,22.99637
2022-07-09,2.24913,16.40211,21.36816
2022-07-10,2.34019,12.16931,24.03198
2022-07-11,4.03226,13.75661,25.53362
2022-07-12,5.25257,13.22751,24.63609
2022-07-13,5.2145,17.46031,25.49335
2022-07-14,4.19779,15.34391,25.55664
2022-07-15,3.58873,9.5238,23.10569
2022-07-16,2.29686,9.5238,21.51199
2022-07-17,2.23859,17.98941,25.28623
2022-07-18,3.98176,16.40211,28.38156
2022-07-19,5.75656,15.87301,25.67171
2022-07-20,5.46206,21.16402,25.61992
2022-07-21,4.42472,17.98941,24.87198
2022-07-22,3.4569,11.64021,24.38294
2022-07-23,2.26896,16.40211,23.70404
2022-07-24,2.1856,25.39682,27.43225
2022-07-25,3.50197,10.58201,26.54622
2022-07-26,4.28934,13.75661,25.29773
2022-07-27,4.2425,7.4074,23.75007
2022-07-28,3.27746,6.3492,24.40596
2022-07-29,2.61877,11.11111,22.27719
2022-07-30,1.99172,8.9947,22.94459
2022-07-31,1.65328,13.22751,25.83855
2022-08-01,2.52204,16.40211,25.13089
2022-08-02,2.87866,16.93121,27.6106
2022-08-03,2.65106,9.5238,30.31471
2022-08-04,2.37949,6.8783,27.9328
2022-08-05,2.09494,9.5238,25.03883
2022-08-06,1.64674,11.11111,23.95144
2022-08-07,1.61223,20.63492,26.90869
2022-08-08,2.34841,13.75661,28.82457
2022-08-09,2.34082,14.28571,27.63362
2022-08-10,2.29401,17.46031,28.5369
2022-08-11,2.08795,12.69841,31.6495
2022-08-12,1.84037,11.11111,28.22622
2022-08-13,1.35862,4.2328,28.0191
2022-08-14,1.29984,19.57671,31.16046
2022-08-15,1.48132,20.10582,30.01553
2022-08-16,2.21395,12.16931,31.44813
2022-08-17,2.63632,20.10582,36.96565
2022-08-18,2.37303,13.75661,32.84045
2022-08-19,1.94815,16.93121,34.3536
2022-08-20,1.38399,18.51851,42.70755
2022-08-21,1.26272,17.98941,38.40975
2022-08-22,1.89252,13.22751,38.42126
2022-08-23,1.79695,11.64021,34.60675
2022-08-24,1.64319,13.75661,34.83689
2022-08-25,1.51827,13.75661,34.48593
2022-08-26,1.32729,10.58201,30.65991
2022-08-27,0.96227,11.64021,29.07772
2022-08-28,0.96376,14.81481,34.11196
2022-08-29,1.40605,9.5238,35.82647
2022-08-30,1.2949,15.34391,34.45716
2022-08-31,1.27104,12.16931,31.56895
2022-09-01,1.15759,16.93121,28.70951
2022-09-02,1.02613,12.69841,23.45664
2022-09-03,0.78529,10.05291,22.52459
2022-09-04,0.76295,14.28571,30.18813
2022-09-05,1.02413,13.75661,29.43443
2022-09-06,1.00605,15.34391,26.20677
2022-09-07,0.94617,11.11111,24.54404
2022-09-08,0.85961,11.11111,20.47638
2022-09-09,0.66172,11.11111,19.09556
2022-09-10,0.66585,13.75661,23.3761
2022-09-11,0.6639,16.40211,27.06403
2022-09-12,0.74151,13.75661,30.71169
2022-09-13,1.06479,11.64021,29.47471
2022-09-14,1.07131,15.34391,28.35855
2022-09-15,0.96209,20.63492,27.438
2022-09-16,0.87079,14.81481,24.95828
2022-09-17,0.62623,17.98941,25.26897
2022-09-18,0.64555,15.87301,27.70266
2022-09-19,0.99731,11.11111,27.77745
2022-09-20,1.01516,12.69841,27.28266
2022-09-21,0.86937,11.11111,26.64403
2022-09-22,0.84683,16.40211,25.85581
2022-09-23,0.99565,14.28571,26.50595
2022-09-24,0.63198,12.16931,24.65911
2022-09-25,0.64692,16.40211,31.32731
2022-09-26,0.94217,11.11111,31.18347
2022-09-27,0.8071,13.75661,29.23307