date,corona,capsule,machine,homecafe
2018-01-01,0.0076,14.94429,26.7791,10.48723
2018-01-02,0.00909,16.5194,34.91785,12.15777
2018-01-03,0.00825,17.71033,35.31166,13.13225
2018-01-04,0.00927,16.90357,29.8739,11.92575
2018-01-05,0.009,14.25278,25.96364,10.58004
2018-01-06,0.00794,13.56127,24.26508,10.0232
2018-01-07,0.00782,15.36688,26.40518,14.38515
2018-01-08,0.00854,16.82673,32.52714,13.27146
2018-01-09,0.00917,16.86515,30.16428,12.85382
2018-01-10,0.00872,16.90357,29.64318,13.59628
2018-01-11,0.00782,16.17364,29.62727,12.76102
2018-01-12,0.00906,17.17249,27.09336,13.08584
2018-01-13,0.00699,14.2912,26.27391,12.34338
2018-01-14,0.00815,16.21206,28.90727,15.91647
2018-01-15,0.00874,16.5194,38.53773,16.84454
2018-01-16,0.00898,18.13292,35.09288,14.84918
2018-01-17,0.00949,15.94314,32.38792,14.43155
2018-01-18,0.00874,16.09681,30.43876,11.92575
2018-01-19,0.00801,16.48098,26.46087,11.46171
2018-01-20,0.00858,15.82789,24.74243,15.73085
2018-01-21,0.00692,16.78832,29.58749,16.24129
2018-01-22,0.00839,16.90357,31.8509,14.47795
2018-01-23,0.00858,18.24817,35.31166,15.12761
2018-01-24,0.00851,18.28659,34.38482,15.96287
2018-01-25,0.00886,18.67076,30.58594,14.57076
2018-01-26,0.0088,17.32616,27.25645,17.72621
2018-01-27,0.0086,17.44141,27.16496,15.63805
2018-01-28,0.00809,18.40184,29.75058,16.42691
2018-01-29,0.0088,20.47637,34.532,15.49883
2018-01-30,0.00776,19.55436,31.87079,14.80278
2018-01-31,0.01375,18.86285,30.46262,14.98839
2018-02-01,0.00953,18.93968,33.08007,13.22505
2018-02-02,0.00776,17.01882,28.85556,9.65197
2018-02-03,0.00841,15.59738,27.31214,11.69373
2018-02-04,0.00717,21.28313,32.38792,16.51972
2018-02-05,0.00827,21.05263,37.37618,18.60788
2018-02-06,0.00888,22.58932,48.21194,14.33874
2018-02-07,0.00941,21.59047,42.34456,14.66357
2018-02-08,0.00817,24.31809,43.60953,15.31322
2018-02-09,0.00827,19.66961,38.58148,13.03944
2018-02-10,0.0075,20.01536,35.75321,14.80278
2018-02-11,0.00697,25.47061,39.36115,18.8399
2018-02-12,0.00805,21.32155,39.8544,22.45939
2018-02-13,0.00735,21.35996,33.18747,16.10208
2018-02-14,0.00762,18.74759,29.24937,12.6218
2018-02-15,0.00646,18.44026,28.03214,11.04408
2018-02-16,0.00666,20.0922,29.32495,10.85846
2018-02-17,0.00739,24.01075,37.29265,13.45707
2018-02-18,0.00727,24.24126,42.26102,15.22041
2018-02-19,0.00843,24.01075,48.67735,15.31322
2018-02-20,0.00778,22.58932,43.33903,16.56612
2018-02-21,0.00801,23.39608,41.70412,14.33874
2018-02-22,0.00695,23.97233,39.41684,23.66589
2018-02-23,0.00774,21.51363,35.0173,13.27146
2018-02-24,0.00699,19.01651,32.7141,11.18329
2018-02-25,0.00652,20.74529,34.77067,13.8747
2018-02-26,0.00807,21.78255,40.67783,13.50348
2018-02-27,0.00796,22.39723,37.54723,14.57076
2018-02-28,0.00778,20.0922,35.14061,15.45243
2018-03-01,0.00692,20.20745,36.38569,16.65893
2018-03-02,0.00788,18.74759,31.61621,14.15313
2018-03-03,0.00715,19.59277,29.65511,12.29698
2018-03-04,0.00676,22.32039,35.10481,15.59164
2018-03-05,0.00631,21.59047,35.31564,13.96751
2018-03-06,0.00723,20.3227,34.36095,20.32482
2018-03-07,0.00754,19.4391,34.79056,17.49419
2018-03-08,0.00633,20.24587,37.21707,13.73549
2018-03-09,0.00715,19.28543,30.66152,13.7819
2018-03-10,0.00743,17.17249,27.61446,15.49883
2018-03-11,0.00752,19.86169,33.16758,17.95823
2018-03-12,0.00754,20.43795,38.848,13.96751
2018-03-13,0.00794,20.78371,36.15895,13.17865
2018-03-14,0.0068,20.20745,31.64803,14.10672
2018-03-15,0.00845,22.81982,34.29332,14.84918
2018-03-16,0.00801,18.82443,31.75146,14.06032
2018-03-17,0.00666,17.63349,28.0918,13.03944
2018-03-18,0.00731,22.62773,33.04427,15.91647
2018-03-19,0.00894,23.97233,38.84004,17.81902
2018-03-20,0.00803,20.20745,34.06658,14.94199
2018-03-21,0.0086,22.20514,36.72381,14.98839
2018-03-22,0.00815,18.86285,35.15652,14.47795
2018-03-23,0.00788,19.05493,30.90019,13.45707
2018-03-24,0.00731,20.3227,29.1181,11.41531
2018-03-25,0.00646,22.39723,33.12383,14.52436
2018-03-26,0.00772,23.51133,35.22813,14.61716
2018-03-27,0.00788,19.51594,33.61311,11.97215
2018-03-28,0.00866,17.24932,32.5709,13.8283
2018-03-29,0.00821,14.98271,29.96937,13.22505
2018-03-30,0.0076,16.44256,26.98993,13.08584
2018-03-31,0.00752,12.37034,24.89359,9.97679
2018-04-01,0.00688,14.5217,30.30351,12.5754
2018-04-02,0.00719,17.40299,34.57575,16.10208
2018-04-03,0.00794,18.90126,32.45554,13.73549
2018-04-04,0.00727,20.20745,37.3006,14.52436
2018-04-05,0.0077,19.93853,33.68869,15.26682
2018-04-06,0.00815,19.01651,32.36007,13.73549
2018-04-07,0.00784,17.55666,30.28362,9.93039
2018-04-08,0.00833,22.85824,37.09773,14.19953
2018-04-09,0.00943,23.24241,38.72866,15.68445
2018-04-10,0.00829,21.12946,36.06746,13.50348
2018-04-11,0.00856,19.97694,35.48669,15.45243
2018-04-12,0.0078,19.01651,31.27411,13.92111
2018-04-13,0.00817,18.44026,30.48649,13.08584
2018-04-14,0.00819,18.40184,31.28604,14.61716
2018-04-15,0.00839,19.32385,32.76979,15.91647
2018-04-16,0.00835,19.63119,35.97199,13.50348
2018-04-17,0.0078,19.09335,34.53995,14.19953
2018-04-18,0.00849,18.78601,33.09598,13.31786
2018-04-19,0.00876,18.9781,31.89068,12.94663
2018-04-20,0.00762,16.21206,30.8087,12.66821
2018-04-21,0.00866,16.36573,26.79501,11.22969
2018-04-22,0.00827,22.39723,34.34504,15.17401
2018-04-23,0.0079,22.74298,38.01264,15.82366
2018-04-24,0.00868,20.63004,37.68248,14.38515
2018-04-25,0.00778,16.36573,30.15235,11.3225
2018-04-26,0.0086,17.01882,28.46573,13.13225
2018-04-27,0.0086,15.25163,24.47591,11.3225
2018-04-28,0.00821,15.02112,22.9484,10.16241
2018-04-29,0.00741,14.94429,26.37336,12.90023
2018-04-30,0.00743,16.21206,30.99964,13.41067
2018-05-01,0.00829,18.40184,31.8509,12.15777
2018-05-02,0.00668,17.94083,34.13819,13.50348
2018-05-03,0.00833,16.86515,31.75941,12.06496
2018-05-04,0.00866,14.67537,25.99546,12.6218
2018-05-05,0.00858,15.05954,21.51636,9.41995
2018-05-06,0.00717,16.21206,26.03524,13.59628
2018-05-07,0.00913,18.40184,28.65269,14.70997
2018-05-08,0.00888,18.05608,33.23919,13.54988
2018-05-09,0.00772,19.63119,31.64803,14.24593
2018-05-10,0.00862,16.90357,29.60738,12.48259
2018-05-11,0.00827,16.21206,26.38131,13.22505
2018-05-12,0.00796,16.13522,26.44496,15.31322
2018-05-13,0.00866,17.32616,26.85866,15.12761
2018-05-14,0.00845,17.21091,30.93201,15.59164
2018-05-15,0.00872,16.48098,27.82926,15.12761
2018-05-16,0.01029,17.90242,28.61689,15.0812
2018-05-17,0.00701,14.25278,24.71856,13.45707
2018-05-18,0.00882,13.98386,25.14817,14.06032
2018-05-19,0.00815,12.13983,19.93714,9.37354
2018-05-20,0.00786,16.17364,23.15127,14.52436
2018-05-21,0.00917,15.4053,25.20784,13.8747
2018-05-22,0.00774,16.44256,26.2938,15.35962
2018-05-23,0.00807,15.90472,29.27721,13.8747
2018-05-24,0.00878,16.44256,26.24209,15.22041
2018-05-25,0.00888,15.55897,25.30729,13.13225
2018-05-26,0.00906,11.67883,23.98265,11.74013
2018-05-27,0.00819,16.94199,25.76872,14.80278
2018-05-28,0.0088,15.44371,44.31759,16.3341
2018-05-29,0.0101,15.90472,37.60292,16.98375
2018-05-30,0.00953,15.21321,33.3267,13.64269
2018-05-31,0.0088,14.7522,30.92804,16.2877
2018-06-01,0.0101,13.75336,28.056,13.31786
2018-06-02,0.00898,12.2935,22.89669,11.55452
2018-06-03,0.00972,14.71379,26.08297,14.38515
2018-06-04,0.00976,14.98271,30.92008,13.73549
2018-06-05,0.00884,13.83019,26.23413,13.27146
2018-06-06,0.00909,14.13753,24.48784,13.03944
2018-06-07,0.00947,14.56012,27.23656,16.14849
2018-06-08,0.00941,14.17595,23.76785,13.22505
2018-06-09,0.00941,12.40875,21.12653,14.75638
2018-06-10,0.01002,14.98271,24.02243,16.2877
2018-06-11,0.01055,14.48328,29.53578,14.94199
2018-06-12,0.00996,15.09796,25.14817,16.3341
2018-06-13,0.00847,15.09796,24.28895,13.64269
2018-06-14,0.01021,14.36803,27.54683,14.89559
2018-06-15,0.01043,14.86746,25.72894,15.0348
2018-06-16,0.01086,11.60199,21.80277,12.06496
2018-06-17,0.01094,15.05954,24.98906,15.49883
2018-06-18,0.01243,14.17595,29.62727,13.64269
2018-06-19,0.01125,16.44256,28.41401,13.64269
2018-06-20,0.01076,16.25048,27.02573,15.0812
2018-06-21,0.01194,15.6358,27.11722,13.36426
2018-06-22,0.01161,13.44602,24.12983,14.15313
2018-06-23,0.01306,12.75451,20.74863,11.2761
2018-06-24,0.06768,13.94544,22.33581,14.47795
2018-06-25,0.01043,15.25163,28.99478,14.66357
2018-06-26,0.01039,14.02228,33.14372,16.51972
2018-06-27,0.01157,14.59854,31.46903,12.11136
2018-06-28,0.01455,13.25393,26.10684,14.06032
2018-06-29,0.01063,12.48559,23.69227,13.64269
2018-06-30,0.01072,12.10142,22.121,13.73549
2018-07-01,0.01123,16.67306,28.84362,19.11832
2018-07-02,0.01247,14.94429,35.10083,20.74245
2018-07-03,0.01061,15.25163,29.11412,14.75638
2018-07-04,0.01057,14.48328,28.64871,15.12761
2018-07-05,0.0139,15.82789,26.16253,14.61716
2018-07-06,0.01351,13.48444,23.77182,13.08584
2018-07-07,0.01275,10.79523,20.44234,10.95127
2018-07-08,0.01133,64.34882,23.40586,13.7819
2018-07-09,0.01169,20.3227,29.24937,16.89095
2018-07-10,0.01037,17.82558,26.44894,17.21577
2018-07-11,0.01023,15.17479,25.1243,14.94199
2018-07-12,0.01004,15.4053,24.57138,13.36426
2018-07-13,0.01141,14.06069,20.87592,12.38979
2018-07-14,0.00919,12.37034,18.3977,11.74013
2018-07-15,0.00931,12.86976,22.07327,14.01392
2018-07-16,0.00919,13.48444,26.30971,16.75174
2018-07-17,0.0098,13.86861,27.67015,15.26682
2018-07-18,0.0101,15.09796,24.52762,12.20417
2018-07-19,0.01004,14.56012,23.42575,12.29698
2018-07-20,0.01455,13.67652,20.61736,12.38979
2018-07-21,0.01326,10.41106,17.33959,12.94663
2018-07-22,0.00984,11.79408,20.04455,14.06032
2018-07-23,0.01135,10.87207,24.92541,15.68445
2018-07-24,0.00986,13.44602,23.98265,14.61716
2018-07-25,0.01082,13.06185,23.17912,13.17865
2018-07-26,0.00923,11.98616,22.37161,12.34338
2018-07-27,0.01049,10.37264,20.18775,10.76566
2018-07-28,0.01002,8.64387,16.6355,10.0232
2018-07-29,0.00943,11.52516,19.70245,14.15313
2018-07-30,0.01286,12.40875,22.68586,15.63805
2018-07-31,0.01015,11.40991,21.82664,14.10672
2018-08-01,0.00994,11.67883,22.65802,12.80742
2018-08-02,0.01163,13.06185,22.0494,13.96751
2018-08-03,0.01212,10.91048,20.48609,12.66821
2018-08-04,0.01074,10.21897,17.8408,11.46171
2018-08-05,0.00978,10.67998,19.36831,14.43155
2018-08-06,0.01053,13.86861,25.22375,15.73085
2018-08-07,0.01204,13.06185,24.72652,16.84454
2018-08-08,0.01165,15.44371,23.8474,15.22041
2018-08-09,0.01182,14.44487,23.92696,15.49883
2018-08-10,0.0143,12.52401,21.54819,14.94199
2018-08-11,0.01426,9.56588,18.35792,12.6218
2018-08-12,0.02117,13.79177,20.63327,16.24129
2018-08-13,0.02557,15.13638,27.33601,18.56148
2018-08-14,0.01357,13.36918,25.28342,14.80278
2018-08-15,0.01133,14.48328,22.55459,16.84454
2018-08-16,0.01133,12.90818,26.08695,15.63805
2018-08-17,0.01051,13.36918,23.71216,14.57076
2018-08-18,0.01049,11.52516,20.60941,14.06032
2018-08-19,0.01116,14.13753,21.91017,16.89095
2018-08-20,0.00992,12.79293,26.03922,15.77726
2018-08-21,0.00998,14.21436,25.7727,16.10208
2018-08-22,0.01065,15.90472,24.90154,16.24129
2018-08-23,0.00902,15.25163,23.51724,21.90255
2018-08-24,0.00941,13.10026,24.60718,30.0696
2018-08-25,0.00931,12.56242,19.98488,25.19721
2018-08-26,0.00994,14.21436,23.73602,31.97215
2018-08-27,0.00882,14.59854,33.3983,28.16705
2018-08-28,0.00915,15.59738,33.2193,22.22737
2018-08-29,0.00876,13.90703,29.98528,21.80974
2018-08-30,0.00854,14.94429,26.44098,22.41299
2018-08-31,0.00923,13.94544,25.39878,19.58236
2018-09-01,0.00935,11.52516,22.02553,15.59164
2018-09-02,0.00752,13.36918,25.95568,18.42227
2018-09-03,0.00929,15.4053,31.11897,18.7935
2018-09-04,0.00972,14.2912,28.89931,18.65429
2018-09-05,0.00821,15.52055,26.77115,18.28306
2018-09-06,0.01012,15.90472,25.82441,18.37587
2018-09-07,0.01059,15.36688,23.6326,15.87006
2018-09-08,0.00968,12.48559,21.67548,16.98375
2018-09-09,0.00947,14.17595,24.9811,18.93271
2018-09-10,0.01206,14.90587,28.64075,20.18561
2018-09-11,0.01021,17.21091,29.27721,16.38051
2018-09-12,0.01063,17.97925,27.74573,13.73549
2018-09-13,0.00898,15.52055,26.93424,16.51972
2018-09-14,0.00986,16.28889,29.5318,16.89095
2018-09-15,0.00917,13.98386,23.90707,14.89559
2018-09-16,0.00896,17.24932,26.48474,18.28306
2018-09-17,0.00876,18.17134,33.22725,17.03016
2018-09-18,0.00911,15.29004,27.65424,19.21113
2018-09-19,0.00868,15.36688,24.36055,15.54524
2018-09-20,0.00929,13.56127,23.48144,16.14849
2018-09-21,0.0097,12.02458,20.25935,15.54524
2018-09-22,0.00762,13.10026,17.10887,12.71461
2018-09-23,0.00733,11.90933,15.75241,11.83294
2018-09-24,0.00792,12.75451,16.21782,12.99303
2018-09-25,0.00801,14.86746,20.55372,14.89559
2018-09-26,0.00839,20.70687,26.12275,17.63341
2018-09-27,0.00962,18.86285,31.17864,17.63341
2018-09-28,0.00847,15.71263,28.62484,15.96287
2018-09-29,0.00921,14.36803,25.61358,18.00464
2018-09-30,0.00896,16.44256,27.3201,18.32946
2018-10-01,0.00856,17.59508,33.64493,14.80278
2018-10-02,0.00892,16.59623,29.38064,16.3341
2018-10-03,0.00886,14.59854,25.35104,15.40603
2018-10-04,0.00949,17.44141,34.8741,15.96287
2018-10-05,0.00939,19.05493,32.193,15.82366
2018-10-06,0.00843,15.4053,26.08695,16.2877
2018-10-07,0.00888,16.40414,25.13226,18.32946
2018-10-08,0.00919,17.44141,28.4697,19.53596
2018-10-09,0.00866,17.01882,27.92076,19.76798
2018-10-10,0.00898,16.63465,31.10704,18.51508
2018-10-11,0.00906,17.63349,28.69246,17.12296
2018-10-12,0.01114,14.94429,25.39878,16.42691
2018-10-13,0.00862,13.94544,21.41294,13.73549
2018-10-14,0.00725,16.59623,25.35104,17.587
2018-10-15,0.00935,17.97925,29.48804,19.48955
2018-10-16,0.009,15.82789,28.58108,19.25754
2018-10-17,0.00921,18.93968,27.61844,19.16473
2018-10-18,0.00902,17.78716,36.08735,22.18097
2018-10-19,0.00841,17.44141,27.54286,25.24361
2018-10-20,0.00788,16.67306,21.6357,21.48491
2018-10-21,0.0079,20.43795,26.97402,23.48027
2018-10-22,0.00996,18.70918,31.39743,22.96983
2018-10-23,0.01006,18.63234,31.85488,23.8515
2018-10-24,0.01033,20.13061,27.84915,21.67053
2018-10-25,0.00984,17.74875,26.16253,19.76798
2018-10-26,0.01,14.59854,25.16806,20.0928
2018-10-27,0.00882,15.78947,22.55459,17.81902
2018-10-28,0.00807,19.17018,26.39723,23.38747
2018-10-29,0.00955,20.59162,30.25577,21.99535
2018-10-30,0.00906,21.59047,28.3265,19.48955
2018-10-31,0.00919,21.4368,27.6423,17.44779
2018-11-01,0.00919,21.6673,35.35144,18.05104
2018-11-02,0.00892,19.86169,33.66482,16.56612
2018-11-03,0.00833,14.44487,25.07657,16.65893
2018-11-04,0.00829,18.70918,28.00031,22.92343
2018-11-05,0.00841,18.24817,36.50105,26.45011
2018-11-06,0.00878,18.93968,33.73642,20.18561
2018-11-07,0.00917,19.63119,35.66569,23.15545
2018-11-08,0.00904,20.5532,35.02525,30.58004
2018-11-09,0.00909,17.01882,30.79279,20.32482
2018-11-10,0.00943,14.7522,25.14817,17.86542
2018-11-11,0.00909,18.59393,30.55411,24.31554
2018-11-12,0.00913,15.52055,33.092,22.92343
2018-11-13,0.00886,18.20975,35.02525,22.18097
2018-11-14,0.00953,17.40299,35.20824,20.88167
2018-11-15,0.00858,19.17018,32.4993,20.88167
2018-11-16,0.00882,16.28889,28.06794,20.88167
2018-11-17,0.00906,18.05608,27.61446,15.91647
2018-11-18,0.03303,20.97579,29.49998,20.83526
2018-11-19,0.01145,20.97579,34.95763,19.72157
2018-11-20,0.00906,20.89896,32.53112,20.0464
2018-11-21,0.00902,17.82558,32.42372,18.70069
2018-11-22,0.00929,20.74529,32.6783,16.3341
2018-11-23,0.0087,16.9804,31.35765,19.21113
2018-11-24,0.01312,16.13522,27.5349,15.17401
2018-11-25,0.0087,19.01651,30.8445,20.51044
2018-11-26,0.00939,20.36112,36.33796,23.15545
2018-11-27,0.00921,19.13177,33.13974,19.95359
2018-11-28,0.00911,17.32616,32.1572,21.62412
2018-11-29,0.0089,17.17249,30.574,22.32018
2018-11-30,0.00864,14.98271,27.03369,16.38051
2018-12-01,0.00854,18.70918,32.54306,18.93271
2018-12-02,0.00807,26.93046,42.16953,25.19721
2018-12-03,0.00915,25.31694,44.95803,22.5986
2018-12-04,0.00794,25.58586,41.84335,20.83526
2018-12-05,0.0088,22.32039,41.81948,21.16009
2018-12-06,0.00803,21.39838,37.11762,21.43851
2018-12-07,0.00805,20.82212,33.50173,17.91183
2018-12-08,0.00745,20.51479,32.65444,18.7935
2018-12-09,0.00931,26.73837,39.39695,25.33642
2018-12-10,0.0076,23.47291,40.49484,24.77958
2018-12-11,0.00854,22.12831,37.59099,21.76334
2018-12-12,0.00805,19.90011,36.66016,19.90719
2018-12-13,0.00849,20.74529,35.16448,21.11368
2018-12-14,0.00868,21.47522,32.35212,19.11832
2018-12-15,0.00833,18.13292,30.02903,20.27842
2018-12-16,0.00756,22.39723,35.9163,23.15545
2018-12-17,0.01019,19.63119,39.66347,22.45939
2018-12-18,0.00782,18.05608,40.28402,20.88167
2018-12-19,0.00839,19.63119,38.18369,18.97911
2018-12-20,0.0078,20.3227,35.73332,19.62877
2018-12-21,0.009,19.82328,32.31632,16.10208
2018-12-22,0.00805,18.13292,29.93356,14.10672
2018-12-23,0.00784,20.51479,33.06416,17.49419
2018-12-24,0.00821,17.67191,33.37046,15.54524
2018-12-25,0.0086,18.40184,32.79764,17.21577
2018-12-26,0.00909,19.82328,39.59584,17.49419
2018-12-27,0.00898,19.55436,37.70237,18.51508
2018-12-28,0.00915,16.90357,35.86857,15.49883
2018-12-29,0.00817,17.01882,34.24161,15.26682
2018-12-30,0.00686,21.12946,37.20116,20.55684
2018-12-31,0.01388,18.28659,33.5415,15.96287
2019-01-01,0.00823,18.47867,35.71741,17.44779
2019-01-02,0.00915,21.2063,43.82433,19.86078
2019-01-03,0.00784,19.40069,41.2228,22.27378
2019-01-04,0.00839,20.47637,38.7764,20.69605
2019-01-05,0.00845,24.24126,40.26413,19.02552
2019-01-06,0.01809,29.96542,51.8875,23.34106
2019-01-07,0.00902,25.62427,50.51513,25.0116
2019-01-08,0.00902,24.66384,43.21572,25.29002
2019-01-09,0.00931,25.97003,45.5746,23.34106
2019-01-10,0.00931,25.54744,50.87314,21.02088
2019-01-11,0.00898,23.665,41.61263,20.69605
2019-01-12,0.0089,30.46484,47.91757,21.94895
2019-01-13,0.00748,36.38109,57.4804,29.32714
2019-01-14,0.00864,28.88974,53.6139,25.1044
2019-01-15,0.00805,26.77679,57.30935,25.1044
2019-01-16,0.009,24.126,48.64155,27.70301
2019-01-17,0.00784,24.35651,45.81327,22.78422
2019-01-18,0.00817,25.16327,43.21969,25.058
2019-01-19,0.0077,26.27737,42.66677,24.77958
2019-01-20,0.00715,30.27276,51.55734,28.35266
2019-01-21,0.00756,26.1237,50.28441,27.88863
2019-01-22,0.00805,26.62312,45.87692,28.21345
2019-01-23,0.00792,27.58355,44.09881,23.8515
2019-01-24,0.00758,25.73953,41.92688,22.69141
2019-01-25,0.00741,21.93622,38.93949,20.37122
2019-01-26,0.0075,23.54975,38.44623,19.72157
2019-01-27,0.00633,24.47176,41.42169,23.7587
2019-01-28,0.00807,25.08643,45.33991,26.45011
2019-01-29,0.00833,25.35535,42.54743,23.10904
2019-01-30,0.00709,24.54859,40.43518,22.36658
2019-01-31,0.00719,20.47637,37.0858,20.13921
2019-02-01,0.00745,19.63119,30.26771,17.81902
2019-02-02,0.00731,19.51594,28.04407,19.62877
2019-02-03,0.0068,18.28659,31.50085,25.52204
2019-02-04,0.00584,20.0922,27.51899,26.54292
2019-02-05,0.00642,19.78486,26.76319,24.50116
2019-02-06,0.00686,25.0096,40.64998,27.28538
2019-02-07,0.00811,23.665,47.85393,29.04872
2019-02-08,0.00902,25.35535,43.28732,24.22273
2019-02-09,0.00748,23.97233,42.28091,29.97679
2019-02-10,0.00713,27.16096,42.61903,34.33874
2019-02-11,0.00743,25.39377,46.66056,27.5174
2019-02-12,0.00772,23.665,43.58964,26.72853
2019-02-13,0.00849,23.0119,40.8449,23.34106
2019-02-14,0.00811,22.16673,37.97287,22.41299
2019-02-15,0.0078,21.2063,34.9457,22.45939
2019-02-16,0.00866,20.5532,32.81753,22.04176
2019-02-17,0.00735,22.70457,37.15342,26.3109
2019-02-18,0.00876,23.54975,41.58478,26.3573
2019-02-19,0.00805,24.01075,40.92048,27.74941
2019-02-20,0.00741,22.16673,37.47563,22.73781
2019-02-21,0.00727,23.16557,39.66744,23.38747
2019-02-22,0.00737,23.0119,38.93154,23.8515
2019-02-23,0.00721,26.43104,38.04845,23.61948
2019-02-24,0.00703,29.85017,41.51716,29.18793
2019-02-25,0.00815,26.1237,45.92465,25.24361
2019-02-26,0.00801,24.08759,43.86013,24.54756
2019-02-27,0.0068,24.7791,42.5713,22.64501
2019-02-28,0.00758,21.74414,36.81132,21.11368
2019-03-01,0.00733,26.89204,39.7828,22.18097
2019-03-02,0.00682,24.35651,40.71363,22.5058
2019-03-03,0.0066,29.31233,41.79959,28.90951
2019-03-04,0.00607,23.24241,44.6398,20.97447
2019-03-05,0.0076,22.12831,42.74235,21.20649
2019-03-06,0.00727,28.00614,47.50785,24.96519
2019-03-07,0.00807,25.04802,41.5092,21.67053
2019-03-08,0.0077,24.24126,37.29265,21.20649
2019-03-09,0.0078,22.62773,35.86459,19.95359
2019-03-10,0.00635,25.35535,42.43207,29.51276
2019-03-11,0.00727,25.93161,44.13063,25.42923
2019-03-12,0.00784,24.04917,42.21329,24.96519
2019-03-13,0.0075,30.84902,49.54055,26.77494
2019-03-14,0.00715,22.08989,39.74302,21.67053
2019-03-15,0.00756,23.05032,37.36823,22.5522
2019-03-16,0.00792,24.97118,35.76514,22.92343
2019-03-17,0.00642,24.89435,40.63009,25.70765
2019-03-18,0.0079,27.08413,45.44731,26.03248
2019-03-19,0.00796,25.27852,42.43605,24.64037
2019-03-20,0.00837,24.27967,40.49484,24.54756
2019-03-21,0.00851,24.27967,38.4701,25.61484
2019-03-22,0.00729,21.55205,34.24559,24.40835
2019-03-23,0.00697,22.62773,32.96869,23.06264
2019-03-24,0.00582,24.39492,37.49552,32.66821
2019-03-25,0.00695,22.70457,39.46059,26.3573
2019-03-26,0.00786,24.58701,37.98082,22.69141
2019-03-27,0.0066,26.96888,37.35232,26.3109
2019-03-28,0.00794,26.50787,38.32292,24.22273
2019-03-29,0.0077,18.78601,30.55809,21.06728
2019-03-30,0.00705,21.01421,32.51521,18.93271
2019-03-31,0.00686,25.04802,38.7764,26.54292
2019-04-01,0.00796,25.16327,41.87119,23.61948
2019-04-02,0.0086,23.85708,39.13043,25.66125
2019-04-03,0.00817,25.35535,38.14391,25.70765
2019-04-04,0.00858,22.12831,34.96559,21.90255
2019-04-05,0.0077,19.2086,32.57488,22.18097
2019-04-06,0.00723,17.74875,29.00672,20.46403
2019-04-07,0.0077,22.01306,33.26305,27.19257
2019-04-08,0.00843,23.85708,38.15187,27.00696
2019-04-09,0.00794,22.05147,43.22765,28.44547
2019-04-10,0.01936,23.35766,38.02458,25.47563
2019-04-11,0.03815,25.66269,35.85265,24.22273
2019-04-12,0.00823,23.24241,37.65464,20.69605
2019-04-13,0.00843,17.28774,30.39102,18.05104
2019-04-14,0.00784,23.62658,36.10326,25.93967
2019-04-15,0.00833,21.32155,39.4049,26.58932
2019-04-16,0.00766,21.70572,37.37221,23.43387
2019-04-17,0.00919,20.36112,33.8478,22.13457
2019-04-18,0.00872,18.01767,33.62504,24.82598
2019-04-19,0.00866,18.17134,30.31544,21.11368
2019-04-20,0.00774,18.51709,28.40606,21.2529
2019-04-21,0.0089,25.04802,32.75786,22.83062
2019-04-22,0.0109,21.82097,38.16778,23.29466
2019-04-23,0.00986,21.05263,35.16846,21.53132
2019-04-24,0.00829,22.70457,33.8478,18.70069
2019-04-25,0.00849,19.90011,32.67035,21.3457
2019-04-26,0.00872,19.93853,31.6003,18.19025
2019-04-27,0.00845,19.09335,30.64561,18.23665
2019-04-28,0.00727,17.36457,29.6034,20.0464
2019-04-29,0.00851,23.08874,36.85508,21.53132
2019-04-30,0.00727,18.05608,31.17466,20.0928
2019-05-01,0.00623,16.36573,31.8867,21.53132
2019-05-02,0.00684,16.5194,31.00759,20.51044
2019-05-03,0.0077,16.17364,32.08958,18.65429
2019-05-04,0.00697,15.32846,24.57138,16.05568
2019-05-05,0.00811,15.55897,24.59127,16.61252
2019-05-06,0.00754,19.55436,35.06503,22.32018
2019-05-07,0.0078,18.70918,37.72624,20.0464
2019-05-08,0.0077,18.74759,35.34349,17.86542
2019-05-09,0.00705,17.59508,34.35299,20.0464
2019-05-10,0.00803,17.01882,30.07677,17.44779
2019-05-11,0.0078,18.93968,30.7371,17.587
2019-05-12,0.0078,18.325,28.13954,22.04176
2019-05-13,0.00786,18.67076,32.3004,23.71229
2019-05-14,0.00796,21.05263,35.94017,21.71693
2019-05-15,0.00713,18.24817,30.97975,21.53132
2019-05-16,0.00902,19.2086,29.31301,22.69141
2019-05-17,0.00851,15.32846,25.52209,20.46403
2019-05-18,0.00925,15.44371,23.20299,19.30394
2019-05-19,0.00933,18.01767,29.57953,20.69605
2019-05-20,0.00866,20.0922,33.91145,23.06264
2019-05-21,0.00913,18.67076,32.20096,19.48955
2019-05-22,0.00882,19.01651,30.37113,20.46403
2019-05-23,0.01021,17.74875,29.97732,20.69605
2019-05-24,0.00866,16.7499,27.22463,20.88167
2019-05-25,0.00819,14.13753,22.85293,21.85614
2019-05-26,0.00868,16.55781,23.86729,24.96519
2019-05-27,0.01063,19.59277,32.41974,23.43387
2019-05-28,0.00982,17.55666,38.28314,24.54756
2019-05-29,0.00937,22.47406,35.29177,21.67053
2019-05-30,0.00854,19.28543,34.711,21.90255
2019-05-31,0.0086,14.56012,29.40053,18.14385
2019-06-01,0.01025,14.90587,25.93181,20.27842
2019-06-02,0.00866,19.05493,27.9486,24.03712
2019-06-03,0.01057,19.74644,33.60913,22.36658
2019-06-04,0.01029,21.78255,31.58439,21.48491
2019-06-05,0.0097,18.24817,27.79346,28.63109
2019-06-06,0.00872,19.13177,28.23899,27.33178
2019-06-07,0.00962,18.40184,28.02816,23.57308
2019-06-08,0.01033,15.8663,24.14972,23.8515
2019-06-09,0.00884,18.93968,27.35192,25.0116
2019-06-10,0.01065,18.93968,32.3004,24.87238
2019-06-11,0.00935,19.32385,29.97334,23.52668
2019-06-12,0.01082,18.74759,31.35367,22.5058
2019-06-13,0.00974,16.59623,26.86264,20.18561
2019-06-14,0.01088,17.28774,25.25955,21.71693
2019-06-15,0.01021,16.36573,23.27061,21.80974
2019-06-16,0.01178,26.54629,27.31214,28.25986
2019-06-17,0.01063,25.43219,32.10549,23.8515
2019-06-18,0.01163,23.43449,30.91212,23.24825
2019-06-19,0.00986,21.59047,28.17136,20.78886
2019-06-20,0.01086,19.24702,27.84915,22.83062
2019-06-21,0.01037,18.36342,27.07347,20.97447
2019-06-22,0.01226,16.86515,22.3915,20.83526
2019-06-23,0.01141,20.0922,26.28982,24.03712
2019-06-24,0.01061,20.78371,30.58594,22.04176
2019-06-25,0.01149,20.39953,29.09025,21.20649
2019-06-26,0.01094,19.66961,28.68849,23.99071
2019-06-27,0.01074,18.13292,26.54441,23.8051
2019-06-28,0.01045,16.59623,24.58729,22.08816
2019-06-29,0.01273,17.28774,24.48784,21.39211
2019-06-30,0.01098,21.39838,27.35192,26.58932
2019-07-01,0.01229,19.2086,32.52317,25.98607
2019-07-02,0.01131,18.90126,30.07677,22.92343
2019-07-03,0.01324,19.2086,28.25092,23.57308
2019-07-04,0.01198,18.28659,26.95413,20.32482
2019-07-05,0.01131,16.82673,24.03834,19.76798
2019-07-06,0.0108,17.51824,21.13449,22.18097
2019-07-07,0.01137,19.09335,25.80054,30.90487
2019-07-08,0.01112,20.16903,30.15235,27.14617
2019-07-09,0.01161,20.51479,33.25907,24.03712
2019-07-10,0.01041,19.36227,28.44584,24.08352
2019-07-11,0.01002,19.86169,28.78396,20.83526
2019-07-12,0.0107,16.71148,24.0463,19.72157
2019-07-13,0.00951,17.09565,21.66752,18.56148
2019-07-14,0.00904,17.59508,24.99303,25.70765
2019-07-15,0.00945,18.82443,29.97334,25.93967
2019-07-16,0.00996,21.16788,28.78793,24.31554
2019-07-17,0.01137,18.47867,27.13711,23.8051
2019-07-18,0.00974,19.51594,26.57623,21.99535
2019-07-19,0.00937,17.21091,22.94442,18.93271
2019-07-20,0.01112,17.05724,22.60233,25.15081
2019-07-21,0.00931,19.09335,25.09646,27.65661
2019-07-22,0.01,17.71033,26.63192,25.15081
2019-07-23,0.01002,17.40299,26.72739,23.15545
2019-07-24,0.01063,20.97579,26.71148,22.36658
2019-07-25,0.01151,18.90126,24.59525,23.89791
2019-07-26,0.01021,16.82673,21.81868,20.27842
2019-07-27,0.01006,18.36342,23.01205,18.8399
2019-07-28,0.00906,21.62888,28.64075,24.36194
2019-07-29,0.01029,19.51594,28.99478,22.83062
2019-07-30,0.00929,22.24356,26.91833,23.34106
2019-07-31,0.00986,23.28082,27.45932,20.78886
2019-08-01,0.01023,22.28198,26.38927,19.90719
2019-08-02,0.01015,17.90242,23.04785,20.18561
2019-08-03,0.00982,15.78947,21.58001,17.03016
2019-08-04,0.00955,20.3227,23.48542,26.17169
2019-08-05,0.01108,22.93507,28.02418,20.51044
2019-08-06,0.00964,23.54975,30.12052,22.22737
2019-08-07,0.00986,22.28198,28.50948,20.18561
2019-08-08,0.00966,20.43795,25.9159,19.76798
2019-08-09,0.00964,17.90242,23.37801,20.27842
2019-08-10,0.01055,17.51824,21.88631,19.21113
2019-08-11,0.00962,17.47983,24.77027,23.48027
2019-08-12,0.00972,21.97464,31.21046,23.20185
2019-08-13,0.01059,20.70687,27.93269,22.36658
2019-08-14,0.01045,19.13177,25.95966,21.43851
2019-08-15,0.01112,22.20514,26.99789,23.38747
2019-08-16,0.00945,19.82328,27.09336,21.02088
2019-08-17,0.01002,19.51594,25.36298,21.2529
2019-08-18,0.01057,21.51363,25.60563,23.48027
2019-08-19,0.00988,22.5509,29.86196,21.90255
2019-08-20,0.01025,20.74529,28.33048,23.71229
2019-08-21,0.00915,20.82212,26.53645,21.90255
2019-08-22,0.00943,20.78371,24.96121,18.65429
2019-08-23,0.0088,17.90242,23.45359,19.86078
2019-08-24,0.00906,16.59623,19.77405,17.91183
2019-08-25,0.0087,19.01651,23.44962,21.62412
2019-08-26,0.00917,19.40069,28.23899,22.27378
2019-08-27,0.00898,20.05378,28.68451,21.57772
2019-08-28,0.00821,22.5509,31.44118,21.71693
2019-08-29,0.00748,21.4368,39.09861,21.11368
2019-08-30,0.00884,19.01651,32.8772,19.44315
2019-08-31,0.00847,17.78716,28.31854,14.98839
2019-09-01,0.00858,21.12946,33.21532,23.61948
2019-09-02,0.00917,20.89896,37.82171,19.62877
2019-09-03,0.00827,23.58816,35.23608,20.83526
2019-09-04,0.00843,21.55205,34.6394,21.85614
2019-09-05,0.00845,22.7814,34.83432,18.60788
2019-09-06,0.0079,18.90126,30.23191,16.65893
2019-09-07,0.00713,20.86054,32.67035,21.2529
2019-09-08,0.0376,20.82212,34.09841,24.87238
2019-09-09,0.01006,21.6673,35.22415,20.32482
2019-09-10,0.00835,19.51594,29.6392,19.62877
2019-09-11,0.00776,15.4053,24.50375,18.14385
2019-09-12,0.0076,17.24932,22.36763,15.82366
2019-09-13,0.00896,20.66845,22.3915,14.29234
2019-09-14,0.01818,21.24471,28.00031,18.97911
2019-09-15,0.0089,23.47291,33.17554,22.69141
2019-09-16,0.00972,26.08528,39.93794,25.38283
2019-09-17,0.00919,20.5532,36.01177,22.22737
2019-09-18,0.01039,21.93622,33.93134,22.96983
2019-09-19,0.01037,22.24356,30.96384,20.69605
2019-09-20,0.01261,17.09565,26.71943,18.23665
2019-09-21,0.00955,18.28659,25.538,19.62877
2019-09-22,0.00847,23.43449,31.40936,25.70765
2019-09-23,0.00904,20.3227,31.34969,22.36658
2019-09-24,0.00823,20.74529,29.12605,19.67517
2019-09-25,0.00801,18.78601,28.75611,29.09512
2019-09-26,0.00764,19.2086,26.67966,22.92343
2019-09-27,0.00915,19.09335,24.63105,22.87703
2019-09-28,0.00858,17.74875,22.6978,18.60788
2019-09-29,0.00858,19.40069,25.76474,26.03248
2019-09-30,0.0088,23.8955,35.18039,24.50116
2019-10-01,0.00786,22.66615,36.13906,21.48491
2019-10-02,0.00788,21.51363,34.02283,22.5058
2019-10-03,0.00951,20.59162,32.13731,21.62412
2019-10-04,0.00931,19.24702,30.74107,22.13457
2019-10-05,0.0088,21.47522,28.32252,22.32018
2019-10-06,0.0078,21.47522,31.07919,23.20185
2019-10-07,0.0089,21.70572,34.95365,23.99071
2019-10-08,0.01068,22.05147,30.83257,22.5522
2019-10-09,0.00872,22.24356,29.3687,21.76334
2019-10-10,0.00856,19.36227,31.03146,20.83526
2019-10-11,0.0086,17.09565,26.24209,19.16473
2019-10-12,0.00782,17.82558,23.93094,19.86078
2019-10-13,0.00727,20.63004,27.35987,24.31554
2019-10-14,0.00864,21.12946,30.57003,23.24825
2019-10-15,0.00827,19.40069,30.17224,21.39211
2019-10-16,0.00821,25.66269,33.21134,20.88167
2019-10-17,0.0076,21.32155,33.56935,19.53596
2019-10-18,0.00884,20.24587,26.81888,19.76798
2019-10-19,0.00839,21.16788,26.60805,17.03016
2019-10-20,0.00807,24.66384,29.63522,25.75406
2019-10-21,0.00888,24.89435,33.50968,24.59396
2019-10-22,0.00819,22.05147,31.16273,24.82598
2019-10-23,0.00815,24.93276,35.17244,24.91879
2019-10-24,0.00919,21.39838,28.72827,19.62877
2019-10-25,0.00915,20.66845,24.34464,18.51508
2019-10-26,0.00851,18.90126,23.13934,18.09744
2019-10-27,0.0075,22.35881,27.14507,22.64501
2019-10-28,0.0076,27.35305,34.73487,26.07888
2019-10-29,0.00788,23.78025,39.97374,22.5058
2019-10-30,0.00823,23.54975,33.65288,18.70069
2019-10-31,0.00754,20.86054,30.86837,19.67517
2019-11-01,0.00717,23.54975,32.86129,21.3457
2019-11-02,0.00721,19.2086,29.9813,20.0464
2019-11-03,0.00833,28.88974,35.46282,24.12993
2019-11-04,0.00813,25.43219,35.45089,25.70765
2019-11-05,0.00784,23.24241,33.00449,22.87703
2019-11-06,0.00829,26.66154,33.68869,23.89791
2019-11-07,0.00784,26.43104,32.6067,24.26914
2019-11-08,0.00699,20.74529,29.16981,18.46867
2019-11-09,0.00719,26.23895,29.14992,18.88631
2019-11-10,0.00717,28.31348,33.24714,24.59396
2019-11-11,0.00788,24.08759,36.509,24.59396
2019-11-12,0.00835,26.16212,37.47563,23.29466
2019-11-13,0.00758,25.81636,34.03476,22.13457
2019-11-14,0.0077,24.43334,31.8151,21.76334
2019-11-15,0.00933,22.58932,31.84295,20.18561
2019-11-16,0.00923,21.24471,28.55722,20.27842
2019-11-17,0.00868,28.92815,34.52802,28.02784
2019-11-18,0.00854,27.42988,36.46525,24.73317
2019-11-19,0.00735,24.16442,33.56537,21.53132
2019-11-20,0.00823,25.04802,36.40558,21.94895
2019-11-21,0.00937,24.47176,40.51871,20.27842
2019-11-22,0.00819,20.93737,29.21357,18.05104
2019-11-23,0.0086,23.47291,27.11722,18.00464
2019-11-24,0.00676,25.0096,31.30991,27.6102
2019-11-25,0.00725,28.23665,36.13508,26.68213
2019-11-26,0.00786,25.20169,34.72691,25.0116
2019-11-27,0.00668,25.47061,38.70877,24.68677
2019-11-28,0.00745,26.69996,33.96316,23.15545
2019-11-29,0.00688,23.12716,31.46505,16.89095
2019-11-30,0.00674,21.62888,30.36715,20.0464
2019-12-01,0.00725,28.69765,39.43275,26.96055
2019-12-02,0.00772,26.66154,39.55606,25.15081
2019-12-03,0.00715,25.12485,36.19873,22.45939
2019-12-04,0.00697,26.23895,35.24006,23.99071
2019-12-05,0.00772,24.27967,35.6458,21.39211
2019-12-06,0.0078,24.16442,34.40073,22.69141
2019-12-07,0.00782,22.85824,30.36318,24.36194
2019-12-08,0.00737,28.08298,34.73487,29.93039
2019-12-09,0.00868,27.16096,36.75166,24.68677
2019-12-10,0.00876,24.62543,35.29575,25.89327
2019-12-11,0.0079,27.2378,35.52249,23.43387
2019-12-12,0.00735,25.62427,34.73089,22.41299
2019-12-13,0.00731,22.05147,29.86992,19.39675
2019-12-14,0.00721,22.28198,30.18815,19.58236
2019-12-15,0.00703,26.20053,34.26548,26.03248
2019-12-16,0.00733,24.43334,36.62834,22.32018
2019-12-17,0.00741,25.04802,38.49397,20.92807
2019-12-18,0.00713,28.31348,36.33,22.41299
2019-12-19,0.00587,23.8955,32.4635,20.64965
2019-12-20,0.00752,21.51363,29.69091,18.00464
2019-12-21,0.00735,21.2063,29.45224,17.67981
2019-12-22,0.00719,30.00384,35.57022,20.78886
2019-12-23,0.00692,24.58701,36.04359,21.80974
2019-12-24,0.00786,20.36112,31.41334,16.61252
2019-12-25,0.00709,29.15866,34.23763,18.8399
2019-12-26,0.00815,26.27737,35.47476,19.21113
2019-12-27,0.00754,24.01075,33.12383,20.83526
2019-12-28,0.00721,27.85247,32.45952,19.72157
2019-12-29,0.00623,33.69189,36.80735,26.21809
2019-12-30,0.00845,26.46945,35.78503,23.15545
2019-12-31,0.00878,25.81636,31.48096,16.65893
2020-01-01,0.00699,33.0388,35.68956,21.62412
2020-01-02,0.00837,31.38686,40.33971,24.68677
2020-01-03,0.00892,29.88859,36.33,20.37122
2020-01-04,0.00982,36.99577,38.18369,22.08816
2020-01-05,0.00723,39.49289,39.09065,24.22273
2020-01-06,0.00803,35.53592,43.1282,25.47563
2020-01-07,0.00819,34.95966,41.366,25.52204
2020-01-08,0.00766,32.92354,38.18767,23.15545
2020-01-09,0.05189,32.23203,37.17729,24.54756
2020-01-10,0.03939,28.00614,31.8509,23.01624
2020-01-11,0.01593,30.46484,32.69024,23.34106
2020-01-12,0.00951,33.61505,38.91562,29.93039
2020-01-13,0.00984,32.11678,41.52114,25.75406
2020-01-14,0.01065,32.57779,40.22037,25.80046
2020-01-15,0.0097,31.61736,37.05,23.8515
2020-01-16,0.01328,29.38916,35.11277,22.83062
2020-01-17,0.01487,28.62082,32.27256,19.58236
2020-01-18,0.00974,30.61851,32.99256,21.99535
2020-01-19,0.00996,35.92009,38.04845,29.00232
2020-01-20,0.06854,28.65923,40.467,26.3573
2020-01-21,0.13684,29.96542,41.6007,22.87703
2020-01-22,0.21613,28.42873,37.96093,24.22273
2020-01-23,0.94802,24.16442,30.49445,19.90719
2020-01-24,1.48423,23.74183,26.21027,19.67517
2020-01-25,1.32177,32.92354,28.13158,17.40139
2020-01-26,2.12683,35.45908,37.43187,20.88167
2020-01-27,2.08668,36.76527,45.29217,30.30162
2020-01-28,2.92982,32.92354,46.402,25.61484
2020-01-29,2.76173,36.34268,44.43693,25.058
2020-01-30,2.9529,30.23434,43.6135,30.30162
2020-01-31,4.50026,27.50672,38.46612,23.89791
2020-02-01,3.12814,40.6454,46.15537,26.12529
2020-02-02,3.34922,55.70495,65.11794,40.64965
2020-02-03,4.34857,46.10065,62.7511,33.59628
2020-02-04,4.14043,45.75489,71.87238,31.78654
2020-02-05,3.76198,40.03073,60.30868,32.25058
2020-02-06,4.73247,39.76181,54.3339,33.08584
2020-02-07,4.26499,47.21475,51.63292,31.04408
2020-02-08,3.4066,54.01459,57.57985,35.77726
2020-02-09,3.06098,100,57.38891,39.44315
2020-02-10,3.65809,67.30695,56.35069,35.91647
2020-02-11,2.85086,47.79101,56.85588,35.68445
2020-02-12,3.02016,46.10065,57.48438,31.92575
2020-02-13,3.72185,40.60699,51.07601,32.85382
2020-02-14,2.81079,36.72685,43.06853,30.58004
2020-02-15,2.17298,40.22281,45.5746,29.23433
2020-02-16,2.24491,50.78755,53.18429,37.91183
2020-02-17,2.6342,45.87014,58.51863,36.56612
2020-02-18,4.72283,43.71878,51.87159,35.22041
2020-02-19,17.37258,41.529,46.81172,31.55452
2020-02-20,41.35139,36.99577,44.64378,31.69373
2020-02-21,63.60004,34.30656,40.28402,29.83758
2020-02-22,70.95608,40.95274,44.22212,36.24129
2020-02-23,71.03224,45.02497,48.62166,45.52204
2020-02-24,91.59004,36.8421,51.2033,40.18561
2020-02-25,100,43.9877,58.73741,45.0116
2020-02-26,85.89328,40.87591,53.09678,40.27842
2020-02-27,81.99333,39.18555,51.23911,52.38979
2020-02-28,77.20061,36.15059,49.57635,51.04408
2020-02-29,68.26237,46.67691,56.7445,59.62877
2020-03-01,58.5719,48.55935,64.5491,74.19953
2020-03-02,73.17345,39.49289,62.7869,68.21345
2020-03-03,60.07905,52.13215,78.63479,69.41995
2020-03-04,53.87875,39.37764,66.48235,74.66357
2020-03-05,47.68293,40.14598,62.36922,79.62877
2020-03-06,40.81752,38.87821,59.93874,71.46171
2020-03-07,32.72681,50.9028,63.15287,74.61716
2020-03-08,31.53019,53.47675,63.12502,94.10672
2020-03-09,41.06235,43.94928,67.36147,80.60324
2020-03-10,42.83035,43.18094,68.31218,76.65893
2020-03-11,38.20409,40.45332,67.72345,77.86542
2020-03-12,35.79797,41.83634,63.7575,71.09048
2020-03-13,33.27097,38.37879,56.6172,61.71693
2020-03-14,25.59055,42.91202,58.96018,65.42923
2020-03-15,23.04466,47.21475,72.64807,81.76334
2020-03-16,30.29967,43.18094,65.78622,72.99303
2020-03-17,27.73488,38.95505,60.80194,66.77494
2020-03-18,27.06038,35.19016,58.51863,64.17633
2020-03-19,24.45144,34.53707,56.87179,67.42459
2020-03-20,22.95241,31.38686,49.77127,56.42691
2020-03-21,19.57353,32.61621,47.96133,57.40139
2020-03-22,19.37547,37.68728,52.14606,67.84222
2020-03-23,22.35147,36.07376,59.24658,64.36194
2020-03-24,21.7009,35.26699,55.79776,60.69605
2020-03-25,20.10912,35.11333,52.72683,60.83526
2020-03-26,20.00302,33.46139,58.74537,64.87238
2020-03-27,20.26164,31.0411,50.89701,55.49883
2020-03-28,18.50286,32.92354,49.75138,54.19953
2020-03-29,17.02967,46.67691,58.31576,70.48723
2020-03-30,19.02162,34.80599,58.98802,64.64037
2020-03-31,17.97858,34.57548,56.00859,57.12296
2020-04-01,16.50537,36.88052,57.64748,57.95823
2020-04-02,16.99596,38.1867,61.08834,62.87703
2020-04-03,16.65032,33.46139,53.0212,60.0
2020-04-04,12.97243,35.30541,52.97346,64.12993
2020-04-05,12.45775,40.60699,55.50737,73.31786
2020-04-06,16.13853,35.11333,60.8616,68.72389
2020-04-07,17.31335,34.57548,57.91797,62.5986
2020-04-08,16.36942,33.53822,54.38561,64.12993
2020-04-09,15.34689,32.65462,51.66872,58.56148
2020-04-10,17.43833,39.83864,55.81367,56.3341
2020-04-11,15.09204,44.94813,57.48836,55.54524
2020-04-12,13.26402,51.44064,64.56899,73.68909
2020-04-13,15.54213,39.60814,64.1712,62.27378
2020-04-14,14.29465,33.53822,56.33477,56.19489
2020-04-15,13.03774,37.0726,55.18914,58.7935
2020-04-16,16.14269,32.65462,55.78185,51.97215
2020-04-17,13.5543,38.64771,56.44218,57.12296
2020-04-18,10.35571,45.79331,61.46226,52.15777
2020-04-19,11.77132,45.52439,67.98201,74.43155
2020-04-20,14.62888,42.02842,65.72656,61.53132
2020-04-21,12.11213,38.37879,61.67309,58.37587
2020-04-22,11.94767,35.65117,58.97609,56.14849
2020-04-23,11.04524,36.57318,54.48108,53.31786
2020-04-24,10.91964,32.88513,52.54385,48.58468
2020-04-25,9.58157,39.18555,50.26452,47.47099
2020-04-26,8.98309,44.48713,56.44218,61.99535
2020-04-27,10.22523,37.14944,59.04769,54.19953
2020-04-28,9.29053,33.61505,51.94717,47.74941
2020-04-29,8.90397,29.81175,45.08532,41.06728
2020-04-30,7.86797,30.96427,43.74875,40.23201
2020-05-01,8.50132,30.42643,46.71227,40.37122
2020-05-02,7.96921,30.61851,45.54676,38.70069
2020-05-03,8.19475,37.76411,51.71645,42.5058
2020-05-04,8.8566,29.65808,52.2296,39.02552
2020-05-05,6.95999,34.57548,52.00286,47.88863
2020-05-06,8.79588,34.07606,55.70627,35.45243
2020-05-07,9.54771,32.53937,50.13325,38.65429
2020-05-08,17.29333,24.35651,44.55626,32.66821
2020-05-09,19.48613,32.69304,45.77747,37.26218
2020-05-10,19.83103,33.73031,46.51736,41.71693
2020-05-11,23.21304,31.77103,51.87557,38.51508
2020-05-12,18.01789,32.46254,54.43335,43.8515
2020-05-13,17.49295,30.65693,51.64087,38.05104
2020-05-14,15.02557,28.92815,46.58498,39.21113
2020-05-15,11.52668,29.81175,46.0241,37.95823
2020-05-16,8.25555,30.88743,47.2294,35.17401
2020-05-17,7.3702,33.46139,50.31624,46.72853
2020-05-18,9.07283,37.0726,56.37057,41.67053
2020-05-19,8.56261,33.2693,53.5781,40.97447
2020-05-20,10.67422,29.88859,49.50873,37.587
2020-05-21,9.64842,29.88859,45.23648,36.70533
2020-05-22,8.76113,27.42988,43.00887,35.0348
2020-05-23,6.9601,25.54744,40.24821,32.48259
2020-05-24,6.50091,32.30887,45.65018,45.42923
2020-05-25,8.10028,31.84786,48.95978,39.35034
2020-05-26,7.86186,31.19477,47.18962,38.97911
2020-05-27,11.37675,27.92931,46.19117,34.66357
2020-05-28,17.47161,28.19823,42.02235,34.57076
2020-05-29,13.77112,26.50787,38.74458,28.7703
2020-05-30,8.76378,23.0119,35.96006,29.46635
2020-05-31,8.14468,27.73722,42.1218,39.48955
2020-06-01,9.33992,31.57894,51.0243,36.14849
2020-06-02,8.3146,31.77103,48.61768,37.16937
2020-06-03,8.39629,30.61851,52.01479,35.35962
2020-06-04,7.68979,27.39147,69.50157,32.85382
2020-06-05,7.31411,25.2401,56.5098,29.93039
2020-06-06,6.76767,23.31924,47.81813,29.69837
2020-06-07,7.19161,25.97003,47.69083,39.53596
2020-06-08,8.82113,27.42988,60.03818,33.27146
2020-06-09,8.56045,27.62197,54.75555,32.25058
2020-06-10,7.48552,28.69765,55.0539,30.99767
2020-06-11,7.4213,28.08298,53.94407,33.59628
2020-06-12,8.22537,24.66384,45.87692,30.76566
2020-06-13,5.86766,26.62312,43.23958,31.13689
2020-06-14,5.63604,27.73722,44.73129,35.45243
2020-06-15,7.65806,28.12139,50.539,34.15313
2020-06-16,6.82953,27.58355,48.41879,32.5754
2020-06-17,6.87578,28.65923,46.39802,32.76102
2020-06-18,6.60712,27.12255,46.64465,31.74013
2020-06-19,6.33553,23.39608,37.9848,27.65661
2020-06-20,6.1597,22.08989,34.45244,27.5174
2020-06-21,6.05281,29.73492,40.74545,34.66357
2020-06-22,7.5998,25.85478,43.76466,29.97679
2020-06-23,7.43522,25.35535,42.4997,32.01856
2020-06-24,6.23368,26.23895,44.00334,31.97215
2020-06-25,6.01975,28.54398,42.88555,32.99303
2020-06-26,5.89177,25.35535,41.8513,29.14153
2020-06-27,5.40175,22.66615,34.8741,26.12529
2020-06-28,5.97626,28.27506,40.09706,34.19953
2020-06-29,7.13061,28.12139,45.87692,34.29234
2020-06-30,5.73981,28.50557,45.18477,28.39907
2020-07-01,6.36533,28.19823,46.91912,28.12064
2020-07-02,6.80996,27.73722,44.17041,28.8167
2020-07-03,7.02,25.12485,39.37308,25.29002
2020-07-04,6.06635,25.62427,35.45089,27.65661
2020-07-05,6.11406,28.12139,40.87274,31.2761
2020-07-06,7.01142,25.77794,45.92068,32.34338
2020-07-07,5.99953,32.23203,44.60797,30.44083
2020-07-08,6.03942,27.16096,43.98345,31.3689
2020-07-09,5.6326,25.66269,43.01284,31.3689
2020-07-10,4.50321,23.58816,37.94502,27.70301
2020-07-11,3.9061,21.4368,35.47476,27.98143
2020-07-12,4.14553,29.85017,65.14976,37.5406
2020-07-13,4.82457,31.84786,53.87644,35.96287
2020-07-14,4.73687,28.96657,52.65125,32.80742
2020-07-15,4.30253,28.39031,46.07979,31.97215
2020-07-16,4.43772,25.70111,38.97529,28.07424
2020-07-17,4.51057,22.5509,35.55829,26.63573
2020-07-18,3.63918,22.28198,34.61553,27.00696
2020-07-19,3.48112,30.38801,37.78591,33.45707
2020-07-20,4.72203,27.89089,40.92843,34.15313
2020-07-21,4.46106,25.50902,38.43032,30.85846
2020-07-22,4.60161,30.8106,40.26413,32.99303
2020-07-23,4.35636,28.88974,39.25374,31.64733
2020-07-24,4.37743,26.04686,33.66482,28.25986
2020-07-25,4.95471,22.93507,33.45001,35.22041
2020-07-26,4.02167,27.42988,35.78503,39.16473
2020-07-27,3.86976,28.08298,39.78678,34.66357
2020-07-28,3.67099,28.3519,38.79629,31.3689
2020-07-29,3.59036,25.62427,37.64668,31.09048
2020-07-30,3.79068,25.04802,33.21532,27.5638
2020-07-31,3.49985,20.47637,30.09268,25.70765
2020-08-01,2.92463,24.47176,31.21046,24.64037
2020-08-02,3.15429,28.46715,35.0531,30.48723
2020-08-03,3.7214,28.23665,37.82568,32.25058
2020-08-04,3.83515,31.07952,39.41684,31.46171
2020-08-05,3.74268,27.00729,40.73749,30.20881
2020-08-06,3.39871,26.1237,35.12868,28.21345
2020-08-07,3.0578,23.8955,31.73157,27.5638
2020-08-08,2.74702,26.46945,30.89223,29.60556
2020-08-09,3.04763,28.3519,34.05465,36.84454
2020-08-10,3.52037,26.73837,36.74768,33.08584
2020-08-11,3.56878,27.08413,47.6789,30.90487
2020-08-12,3.82908,24.39492,35.59409,27.00696
2020-08-13,4.33991,23.78025,32.3561,26.63573
2020-08-14,12.78894,21.97464,29.21357,26.21809
2020-08-15,15.51462,21.28313,28.86351,25.70765
2020-08-16,24.62812,25.39377,32.13731,31.13689
2020-08-17,25.7265,28.12139,37.08182,34.10672
2020-08-18,33.344,26.81521,39.32932,34.38515
2020-08-19,33.21282,32.65462,38.74458,35.22041
2020-08-20,31.55145,30.19592,38.38657,36.47331
2020-08-21,29.67569,27.42988,36.48514,36.24129
2020-08-22,23.10676,26.66154,35.40315,43.29466
2020-08-23,25.13149,33.57664,39.73905,52.85382
2020-08-24,34.18865,34.95966,46.03206,47.42459
2020-08-25,29.706,34.84441,46.66852,42.96983
2020-08-26,29.23206,33.53822,47.19758,47.93503
2020-08-27,35.01023,38.49404,53.18031,52.85382
2020-08-28,31.58055,32.73146,46.0241,53.08584
2020-08-29,19.67705,32.92354,45.6462,57.35498
2020-08-30,17.83653,44.2182,53.42296,72.90023
2020-08-31,23.56984,41.72109,56.54958,65.0116
2020-09-01,20.56409,44.41029,59.80747,56.84454
2020-09-02,19.40273,46.56165,60.87354,65.15081
2020-09-03,18.15997,40.6454,54.5129,55.68445
2020-09-04,20.85131,36.53476,53.31556,52.66821
2020-09-05,11.06081,37.80253,48.86033,53.7819
2020-09-06,10.559,43.25777,51.69258,65.29002
2020-09-07,14.24101,44.64079,57.75488,63.89791
2020-09-08,14.11007,40.60699,54.52881,57.67981
2020-09-09,13.85251,40.10756,55.5034,52.6218
2020-09-10,13.20558,36.15059,49.91049,50.62645
2020-09-11,12.91384,33.61505,45.55073,45.24361
2020-09-12,11.23112,34.1529,45.27228,50.62645
2020-09-13,15.74903,37.76411,47.20553,51.55452
2020-09-14,11.91549,35.65117,50.43557,46.77494
2020-09-15,10.59455,35.9585,50.1969,44.03712
2020-09-16,10.3442,39.49289,58.37145,44.31554
2020-09-17,11.11366,33.34613,47.81813,40.55684
2020-09-18,9.52865,30.15751,42.86168,38.14385
2020-09-19,7.71427,28.73607,40.36755,32.90023
2020-09-20,8.05224,32.46254,43.41859,42.83062
2020-09-21,10.37347,31.15635,48.37503,39.44315
2020-09-22,10.67669,31.46369,50.3759,38.32946
2020-09-23,9.94881,33.07721,47.96133,33.64269
2020-09-24,9.19194,28.92815,41.98655,31.46171
2020-09-25,7.99829,26.50787,37.02215,29.69837
2020-09-26,6.74215,31.88628,37.05397,30.16241
2020-09-27,6.51277,33.46139,40.53462,37.44779
2020-09-28,8.06144,26.1237,36.80735,31.83294
2020-09-29,8.08386,26.08528,29.29313,26.40371
2020-09-30,8.24367,24.62543,29.1181,25.75406
2020-10-01,8.13809,28.00614,30.47853,24.45475
2020-10-02,8.34265,29.04341,34.38879,31.87935
2020-10-03,7.25812,33.11563,37.12955,38.70069
2020-10-04,7.36026,36.80368,42.26102,42.5522
2020-10-05,9.94188,33.65347,54.93456,36.24129
2020-10-06,8.48925,35.99692,51.01237,36.2877
2020-10-07,8.8333,33.11563,48.44663,32.80742
2020-10-08,8.14877,26.5847,42.04224,29.97679
2020-10-09,6.13383,32.69304,40.32379,32.71461
2020-10-10,5.93547,32.11678,40.8091,32.90023
2020-10-11,10.67241,37.22627,42.34456,38.74709
2020-10-12,10.43516,34.46023,48.57392,34.80278
2020-10-13,8.77326,34.11448,45.20068,33.03944
2020-10-14,9.95134,36.11217,43.22367,34.94199
2020-10-15,8.87627,32.84671,39.77087,33.8283
2020-10-16,8.46211,29.08182,36.73574,26.63573
2020-10-17,5.49123,27.92931,32.56692,24.64037
2020-10-18,5.40719,34.42182,36.98635,32.01856
2020-10-19,6.52836,30.31117,40.28402,29.37354
2020-10-20,5.84255,33.00038,47.70675,33.17865
2020-10-21,6.34515,32.69304,37.93706,29.93039
2020-10-22,7.41251,34.53707,38.79231,31.74013
2020-10-23,8.97041,24.54859,32.5351,26.58932
2020-10-24,6.06029,25.58586,30.06086,24.68677
2020-10-25,4.92212,30.58009,34.68316,30.67285
2020-10-26,7.00023,31.88628,37.90922,33.08584
2020-10-27,6.49592,28.85132,37.1216,28.16705
2020-10-28,6.43143,29.73492,37.54325,29.69837
2020-10-29,6.99847,28.77449,49.93436,27.5174
2020-10-30,5.94742,26.20053,39.80269,24.64037
2020-10-31,5.50729,25.8932,36.00381,22.96983
2020-11-01,10.07112,37.91778,49.03536,30.85846
2020-11-02,7.86718,34.99807,51.01634,30.53364
2020-11-03,5.41746,32.57779,49.99801,32.29698
2020-11-04,5.61965,32.34729,49.08309,30.67285
2020-11-05,6.05917,28.62082,46.52929,28.21345
2020-11-06,5.85439,32.3857,43.59361,28.95591
2020-11-07,4.38538,32.50096,41.6365,28.21345
2020-11-08,4.56042,39.33922,53.53434,34.94199
2020-11-09,6.26972,36.76527,74.00453,29.41995
2020-11-10,5.58445,33.73031,53.56219,29.14153
2020-11-11,5.40734,32.69304,47.93348,27.05336
2020-11-12,5.84194,31.88628,45.5388,29.23433
2020-11-13,9.65288,30.04225,40.59429,26.17169
2020-11-14,9.52395,30.46484,39.568,25.93967
2020-11-15,9.63113,34.99807,46.46962,29.32714
2020-11-16,14.09701,33.76872,47.17769,35.54524
2020-11-17,12.89994,35.61275,48.87624,30.62645
2020-11-18,21.73455,32.84671,47.48796,33.31786
2020-11-19,23.06987,34.95966,46.68841,36.38051
2020-11-20,22.42497,31.84786,43.52201,29.04872
2020-11-21,19.28253,32.3857,40.4312,29.32714
2020-11-22,20.83574,37.68728,44.92621,36.84454
2020-11-23,21.3509,37.0726,48.51823,35.96287
2020-11-24,18.10054,35.76642,48.23978,35.26682
2020-11-25,22.24255,33.76872,50.10143,34.80278
2020-11-26,48.40056,33.46139,44.91825,37.81902
2020-11-27,35.52447,33.11563,47.49592,36.10208
2020-11-28,25.24133,39.76181,51.09192,38.74709
2020-11-29,31.3923,46.98424,56.50582,45.0116
2020-11-30,31.54617,40.6454,57.49632,40.83526
2020-12-01,21.14642,39.87706,58.69366,37.21577
2020-12-02,20.46287,37.64886,60.19332,39.39675
2020-12-03,20.65972,41.22166,56.26715,39.30394
2020-12-04,32.96475,37.57203,51.438,37.03016
2020-12-05,21.59925,42.06684,55.30848,40.0464
2020-12-06,26.35378,48.9051,55.83754,47.74941
2020-12-07,25.79867,43.7572,58.45896,45.66125
2020-12-08,21.5786,45.37072,56.87974,44.50116
2020-12-09,22.36989,45.79331,64.14336,42.87703
2020-12-10,21.95751,43.41144,56.57742,44.87238
2020-12-11,25.75261,40.29965,50.87712,42.45939
2020-12-12,45.52264,43.52669,53.22009,46.21809
2020-12-13,46.28487,52.05532,59.57675,60.64965
2020-12-14,44.52544,50.28812,65.22136,48.21345
2020-12-15,34.52029,48.25201,59.81144,55.63805
2020-12-16,36.74064,46.60007,63.55861,49.09512
2020-12-17,33.3388,40.6454,60.88945,46.03248
2020-12-18,27.70343,40.4149,55.84152,43.61948
2020-12-19,22.92583,43.7572,58.41918,49.09512
2020-12-20,25.35365,52.97733,63.91264,59.48955
2020-12-21,29.58536,56.28121,76.10883,51.64733
2020-12-22,23.47876,48.32885,67.13473,44.73317
2020-12-23,21.73691,44.17979,64.85938,40.0464
2020-12-24,16.94496,36.68843,53.62981,38.09744
2020-12-25,19.66282,45.87014,56.00859,38.32946
2020-12-26,20.84279,47.71417,62.72723,47.09976
2020-12-27,24.77112,55.24394,68.04964,57.49419
2020-12-28,20.51006,49.32769,74.50177,49.00232
2020-12-29,19.01932,45.9854,69.28676,47.33178
2020-12-30,16.36194,54.78294,100,45.80046
2020-12-31,14.79837,42.37418,68.61848,38.74709
2021-01-01,13.4156,55.62812,63.73364,44.45475
2021-01-02,16.22807,54.74452,73.24873,51.64733
2021-01-03,14.26351,57.8179,70.80631,56.47331
2021-01-04,16.77767,47.0995,75.15016,50.25522
2021-01-05,15.34404,46.90741,71.78089,45.33642
2021-01-06,14.14839,48.13676,74.11989,48.35266
2021-01-07,12.87621,45.60122,67.4092,48.8631
2021-01-08,12.88449,43.37303,68.41163,45.52204
2021-01-09,11.56469,48.36726,67.57229,49.32714
2021-01-10,11.46201,61.08336,72.50487,60.83526
2021-01-11,15.24003,49.71187,78.36827,51.92575
2021-01-12,13.98564,49.25086,78.1654,49.60556
2021-01-13,13.19831,48.4441,77.81932,48.16705
2021-01-14,13.3166,46.17748,72.40542,50.85846
2021-01-15,12.35382,43.60353,65.82998,46.40371
2021-01-16,13.39787,48.94352,65.1975,46.21809
2021-01-17,8.91524,56.31963,67.57229,53.03944
2021-01-18,11.14364,45.21705,81.60626,50.30162
2021-01-19,10.45461,47.82942,79.9634,45.66125
2021-01-20,10.07328,46.94583,92.446,45.0116
2021-01-21,9.32934,48.40568,71.04101,44.22273
2021-01-22,9.36749,42.79677,66.59373,43.06264
2021-01-23,8.05184,48.21359,59.22272,41.62412
2021-01-24,8.58933,59.08567,68.2724,52.99303
2021-01-25,11.20032,45.17864,66.94379,46.2645
2021-01-26,9.85509,47.33,69.19925,45.98607
2021-01-27,11.28332,44.25662,71.39902,40.78886
2021-01-28,9.24881,41.68267,66.02887,42.83062
2021-01-29,8.63566,44.90971,56.80019,40.0928
2021-01-30,7.88136,46.56165,53.28772,40.46403
2021-01-31,11.34393,50.13446,53.99578,47.33178
2021-02-01,7.96972,44.33346,64.38203,40.64965
2021-02-02,7.60349,44.75605,72.1031,42.45939
2021-02-03,8.01839,48.98194,64.75595,36.38051
2021-02-04,7.29905,47.13791,58.33167,36.65893
2021-02-05,6.68223,40.22281,50.90099,34.75638
2021-02-06,6.90421,41.95159,49.73149,35.63805
2021-02-07,5.61325,44.71763,52.41258,44.96519
2021-02-08,7.09574,38.95505,54.4413,38.05104
2021-02-09,7.17586,33.11563,44.95405,35.22041
2021-02-10,6.82502,28.8129,37.81773,30.0232
2021-02-11,6.53613,32.46254,40.15275,32.29698
2021-02-12,6.32844,37.99462,39.13441,34.94199
2021-02-13,9.48092,39.53131,44.18632,34.24593
2021-02-14,6.74119,42.14368,49.27403,41.57772
2021-02-15,8.00188,43.9877,59.32614,39.81438
2021-02-16,7.38206,46.86899,53.34341,38.74709
2021-02-17,12.22272,45.67806,50.24463,39.16473
2021-02-18,10.99145,44.8713,49.17458,39.30394
2021-02-19,8.73264,39.64656,41.29838,34.19953
2021-02-20,6.50048,36.80368,40.33175,31.46171
2021-02-21,5.82745,37.76411,41.56489,39.11832
2021-02-22,7.17957,40.79907,46.49349,35.77726
2021-02-23,6.56383,39.14713,50.40375,33.68909
2021-02-24,6.30182,39.10872,44.66764,35.22041
2021-02-25,6.12649,39.14713,40.20844,35.82366
2021-02-26,6.39702,32.57779,37.29265,27.74941
2021-02-27,4.66871,35.61275,37.23298,27.5638
2021-02-28,4.67568,39.91548,39.16225,36.05568
2021-03-01,4.48713,48.21359,49.66386,43.15545
2021-03-02,5.7202,38.49404,45.35582,36.3341
2021-03-03,5.31621,40.1844,43.26743,30.44083
2021-03-04,5.2817,40.33807,40.99606,30.16241
2021-03-05,5.41457,36.18901,38.8838,27.5638
2021-03-06,4.52284,40.87591,39.35717,33.64269
2021-03-07,4.22683,41.95159,43.41063,40.23201
2021-03-08,5.508,38.07145,42.90544,40.0464
2021-03-09,5.12523,39.33922,40.45506,35.45243
2021-03-10,5.31382,36.53476,39.16225,32.76102
2021-03-11,5.29884,36.65001,38.13198,32.5754
2021-03-12,5.59872,36.18901,38.68093,31.41531
2021-03-13,4.04215,59.35459,52.60352,30.53364
2021-03-14,4.21611,57.66423,48.49039,42.41299
2021-03-15,5.00241,46.13907,48.8842,38.88631
2021-03-16,4.66602,44.60238,48.60575,36.42691
2021-03-17,4.5612,42.37418,43.72091,34.15313
2021-03-18,4.43538,37.34152,42.51163,31.2761
2021-03-19,4.14589,37.91778,37.86944,31.04408
2021-03-20,3.39553,43.60353,39.86236,35.12761
2021-03-21,3.36001,46.60007,43.20776,40.69605
2021-03-22,4.39254,40.79907,46.39404,34.94199
2021-03-23,4.02548,37.9562,43.7408,35.31322
2021-03-24,4.21114,40.79907,40.78125,33.08584
2021-03-25,4.16524,35.03649,37.86546,31.87935
2021-03-26,4.4055,34.49865,35.36337,28.8167
2021-03-27,3.95314,41.2985,39.92998,32.85382
2021-03-28,3.75611,48.71302,40.13286,36.84454
2021-03-29,4.73819,41.60583,45.39957,36.98375
2021-03-30,4.30165,38.91663,39.57197,31.50812
2021-03-31,4.46819,37.80253,36.14702,30.16241
2021-04-01,5.34705,38.60929,38.96336,27.42459
2021-04-02,5.05073,38.57087,35.46282,25.89327
2021-04-03,3.76127,46.56165,39.20999,32.06496
2021-04-04,4.3191,45.63964,40.24821,31.3225
2021-04-05,6.46076,42.18209,44.60002,32.6218
2021-04-06,5.97306,42.8736,41.64047,32.43619
2021-04-07,9.29371,41.37533,39.06281,29.55916
2021-04-08,12.78932,41.529,36.75166,29.04872
2021-04-09,11.66354,34.99807,33.61708,30.25522
2021-04-10,6.50332,36.99577,30.77688,23.29466
2021-04-11,5.85906,44.06454,34.80647,32.43619
2021-04-12,7.49543,44.02612,41.87517,36.10208
2021-04-13,6.19145,39.60814,49.56044,31.18329
2021-04-14,7.90953,42.6431,41.36998,29.60556
2021-04-15,7.00424,46.02381,43.02876,31.55452
2021-04-16,5.97976,36.8421,35.54238,28.72389
2021-04-17,4.39863,38.95505,31.26616,27.5638
2021-04-18,4.39496,40.37648,32.96073,30.58004
2021-04-19,5.61454,36.99577,38.11209,32.529
2021-04-20,5.05291,35.99692,35.8805,31.78654
2021-04-21,5.83998,35.30541,33.97907,31.22969
2021-04-22,5.92583,32.96196,33.73642,28.72389
2021-04-23,7.84011,32.34729,31.29002,25.47563
2021-04-24,5.78744,79.33154,29.21357,25.19721
2021-04-25,5.09307,62.46638,30.5024,32.01856
2021-04-26,6.64735,39.18555,38.85993,32.11136
2021-04-27,5.74068,38.10987,34.44051,28.12064
2021-04-28,5.83468,36.88052,34.4604,29.93039
2021-04-29,5.0671,34.99807,33.07211,29.55916
2021-04-30,4.73779,32.73146,29.89379,27.14617
2021-05-01,3.36333,39.56972,32.68626,29.37354
2021-05-02,3.21116,38.07145,31.64405,31.60092
2021-05-03,4.22141,37.30311,39.32535,30.67285
2021-05-04,3.91511,35.65117,35.41906,25.56844
2021-05-05,3.23376,36.03534,32.0498,26.17169
2021-05-06,3.90418,34.95966,38.97529,29.41995
2021-05-07,3.60528,33.96081,34.92581,27.23897
2021-05-08,3.12207,35.19016,29.25732,25.98607
2021-05-09,2.87306,42.37418,30.0887,32.99303
2021-05-10,3.8133,38.49404,35.1963,32.90023
2021-05-11,3.6907,34.07606,32.45952,30.95127
2021-05-12,3.64727,35.26699,32.56294,27.6102
2021-05-13,3.81876,32.11678,28.60495,25.19721
2021-05-14,3.92618,29.38916,29.92561,26.58932
2021-05-15,2.74009,30.54168,25.1243,24.82598
2021-05-16,2.56032,40.6454,30.86439,33.7819
2021-05-17,3.41057,38.45562,32.9846,35.45243
2021-05-18,3.13888,29.35074,29.62329,27.88863
2021-05-19,2.53346,32.46254,26.44496,25.15081
2021-05-20,3.09414,30.8106,30.47853,29.46635
2021-05-21,3.20123,31.54053,27.67015,25.42923
2021-05-22,2.5389,26.04686,23.32232,26.91415
2021-05-23,2.3319,34.1529,27.53888,26.91415
2021-05-24,3.09604,31.15635,33.40626,27.84222
2021-05-25,2.97929,31.96311,31.66394,100.0
2021-05-26,3.51171,38.72454,32.3919,31.41531
2021-05-27,3.00159,33.34613,46.74012,31.46171
2021-05-28,2.70475,31.50211,40.62214,27.5638
2021-05-29,2.11569,30.19592,35.67365,22.87703
2021-05-30,2.16303,27.6988,35.8805,26.40371
2021-05-31,3.18032,32.96196,42.55539,27.98143
2021-06-01,3.25057,31.9247,45.02167,24.96519
2021-06-02,3.1357,31.84786,40.21639,24.40835
2021-06-03,3.20099,31.31002,37.71828,27.28538
2021-06-04,2.89917,30.65693,33.21134,25.42923
2021-06-05,2.42932,26.39262,28.52539,22.32018
2021-06-06,2.19499,36.22742,32.62659,28.7703
2021-06-07,2.88025,31.07952,38.50988,29.60556
2021-06-08,2.75605,33.46139,36.91475,27.70301
2021-06-09,3.107,28.54398,34.01089,27.00696
2021-06-10,2.87453,28.04456,32.82946,26.3573
2021-06-11,2.71966,28.77449,29.58749,24.91879
2021-06-12,1.94464,25.27852,26.73932,22.96983
2021-06-13,1.92835,27.27621,30.51036,27.88863
2021-06-14,2.76041,29.54283,35.25995,24.91879
2021-06-15,2.98104,32.88513,37.34038,24.91879
2021-06-16,2.85005,32.57779,34.99741,23.15545
2021-06-17,2.60546,30.19592,35.3952,26.3573
2021-06-18,2.45127,24.93276,27.70595,23.94431
2021-06-19,1.85763,25.97003,24.01845,21.16009
2021-06-20,2.50898,28.39031,28.39412,23.89791
2021-06-21,3.02817,31.00268,33.29488,25.80046
2021-06-22,2.8259,30.73376,33.79609,27.79582
2021-06-23,3.45784,29.88859,34.08647,24.82598
2021-06-24,3.04859,28.96657,29.79832,23.01624
2021-06-25,2.65829,25.16327,26.2222,21.94895
2021-06-26,2.10431,26.23895,24.89756,22.41299
2021-06-27,2.29172,28.31348,26.87059,23.94431
2021-06-28,2.78721,31.77103,34.09045,25.98607
2021-06-29,3.09867,32.3857,32.77377,22.78422
2021-06-30,7.37966,31.42527,32.88515,22.18097
2021-07-01,5.41239,29.19708,35.77707,24.36194
2021-07-02,5.74965,26.16212,32.75388,22.69141
2021-07-03,3.92526,30.42643,31.0235,26.2645
2021-07-04,3.64454,35.03649,31.37754,31.92575
2021-07-05,5.10898,31.57894,40.92446,31.74013
2021-07-06,14.3784,30.65693,36.82724,29.46635
2021-07-07,26.94092,29.15866,34.59962,29.41995
2021-07-08,25.90729,32.42412,35.34746,28.95591
2021-07-09,26.09994,25.35535,32.09753,26.03248
2021-07-10,12.83698,29.96542,29.25732,27.5174
2021-07-11,10.50365,31.2716,32.45156,31.22969
2021-07-12,14.33448,32.00153,37.86149,36.10208
2021-07-13,13.16586,33.53822,56.27511,30.76566
2021-07-14,18.79481,30.27276,41.15915,29.18793
2021-07-15,14.68012,38.60929,41.18302,32.06496
2021-07-16,12.14969,28.5824,32.86526,27.65661
2021-07-17,8.71162,28.12139,32.41576,27.98143
2021-07-18,9.06861,32.57779,34.79454,35.49883
2021-07-19,12.12727,31.88628,38.48203,33.92111
2021-07-20,12.53473,34.6139,38.59739,32.71461
2021-07-21,16.54911,32.19362,38.94745,31.97215
2021-07-22,13.77799,30.61851,37.51541,31.69373
2021-07-23,11.63876,30.31117,33.64493,30.67285
2021-07-24,7.76459,29.88859,31.23831,28.39907
2021-07-25,7.71963,33.30772,33.25112,32.6218
2021-07-26,9.28338,31.23319,37.80182,29.83758
2021-07-27,8.38064,34.11448,36.70392,32.01856
2021-07-28,10.33821,32.65462,34.32913,29.83758
2021-07-29,8.7284,29.81175,32.81753,31.09048
2021-07-30,7.58533,28.46715,29.96539,27.6102
2021-07-31,5.59367,29.61966,28.13556,25.19721
2021-08-01,5.41883,37.7257,34.15012,33.8283
2021-08-02,6.8729,35.03649,37.19718,30.0232
2021-08-03,7.18788,32.30887,35.86459,31.74013
2021-08-04,7.83632,32.3857,34.4604,31.87935
2021-08-05,7.62106,38.45562,36.14304,30.30162
2021-08-06,6.93794,38.64771,42.63892,30.30162
2021-08-07,5.17706,38.72454,31.16273,30.25522
2021-08-08,5.27149,43.79562,34.21377,35.26682
2021-08-09,6.96582,39.3008,39.28159,32.20417
2021-08-10,8.73767,52.40107,46.71227,32.06496
2021-08-11,15.67627,46.75374,40.24821,30.71925
2021-08-12,10.37184,40.87591,34.97354,30.0232
2021-08-13,8.26552,34.92124,31.4014,27.37819
2021-08-14,5.98891,36.30426,29.00274,28.07424
2021-08-15,5.52078,38.30195,29.51589,31.50812
2021-08-16,5.94091,38.10987,34.2615,35.96287
2021-08-17,7.33382,40.49174,39.93396,30.62645
2021-08-18,6.89392,38.91663,37.57508,30.34802
2021-08-19,8.07263,39.18555,36.28624,30.90487
2021-08-20,8.19384,35.9585,33.45399,27.84222
2021-08-21,4.71288,40.45332,30.56605,28.63109
2021-08-22,4.36457,40.6454,33.9552,32.5754
2021-08-23,5.73895,41.87475,40.54656,32.5754
2021-08-24,5.37974,40.33807,41.545,30.81206
2021-08-25,6.60013,37.80253,36.42547,32.15777
2021-08-26,5.43277,35.07491,33.56935,28.7703
2021-08-27,4.52392,38.03303,32.18505,26.3109
2021-08-28,3.54497,35.38225,28.87147,23.99071
2021-08-29,3.51405,42.22051,32.24869,29.69837
2021-08-30,4.72203,40.56857,37.80977,30.34802
2021-08-31,4.64898,39.76181,39.3333,32.20417
2021-09-01,5.56379,38.99346,38.6133,30.53364
2021-09-02,5.05049,38.45562,36.53685,25.66125
2021-09-03,5.30657,33.46139,33.58526,28.25986
2021-09-04,3.20761,32.42412,28.67258,27.74941
2021-09-05,3.08489,39.72339,32.05775,30.39443
2021-09-06,4.13513,38.10987,37.84557,31.50812
2021-09-07,3.79221,39.95389,39.75098,28.16705
2021-09-08,4.39934,35.19016,35.52249,23.57308
2021-09-09,4.06304,34.03764,36.27829,24.64037
2021-09-10,3.51954,31.9247,30.9519,20.74245
2021-09-11,2.71074,30.61851,28.91125,19.86078
2021-09-12,2.55339,37.30311,33.50173,27.88863
2021-09-13,3.3909,36.11217,39.66744,29.83758
2021-09-14,3.40352,36.30426,38.43828,24.36194
2021-09-15,4.24579,35.76642,37.93706,21.67053
2021-09-16,3.40014,28.46715,31.04339,21.3457
2021-09-17,3.16994,25.77794,26.26596,19.30394
2021-09-18,2.48957,27.12255,24.16961,18.7935
2021-09-19,2.35222,26.89204,27.90882,21.48491
2021-09-20,2.2904,26.08528,22.84498,18.37587
2021-09-21,2.27943,33.0388,25.51414,21.76334
2021-09-22,2.46974,34.99807,33.48184,28.7703
2021-09-23,3.97992,38.34037,41.78766,23.7587
2021-09-24,7.39784,32.73146,36.73574,24.59396
2021-09-25,12.51806,40.26123,33.35852,23.52668
2021-09-26,6.84512,37.57203,33.64891,30.67285
2021-09-27,6.99715,39.99231,40.28799,25.70765
2021-09-28,5.48114,36.45793,38.02458,29.18793
2021-09-29,4.96423,33.30772,36.87497,26.72853
2021-09-30,4.1582,31.23319,34.65531,21.62412
2021-10-01,4.0438,30.38801,32.58283,22.18097
2021-10-02,2.76771,29.42758,28.48164,21.57772
2021-10-03,2.67707,30.65693,28.49357,22.92343
2021-10-04,2.85198,38.53246,33.3625,24.77958
2021-10-05,3.59493,38.49404,37.39607,24.03712
2021-10-06,3.29919,36.80368,38.50192,24.77958
2021-10-07,3.3064,36.41951,34.0825,21.80974
2021-10-08,2.81342,31.0411,29.69489,20.83526
2021-10-09,2.18034,29.73492,25.28342,18.09744
2021-10-10,2.14353,35.88167,27.95656,22.5058
2021-10-11,2.48517,41.49058,32.87322,27.5174
2021-10-12,3.22612,37.30311,37.83364,22.87703
2021-10-13,3.20496,35.07491,46.01217,20.18561
2021-10-14,3.19242,41.56742,34.03874,34.43155
2021-10-15,3.77327,36.03534,33.62902,27.65661
2021-10-16,2.21535,34.6139,28.9192,20.41763
2021-10-17,2.138,38.80138,31.52074,24.68677
2021-10-18,3.39879,35.34383,36.60447,21.39211
2021-10-19,3.26971,34.42182,33.91543,19.62877
2021-10-20,2.8676,32.53937,31.37356,19.44315
2021-10-21,2.61694,31.34844,32.03389,22.18097
2021-10-22,2.44241,31.23319,28.99478,20.27842
2021-10-23,2.02812,29.6965,24.8737,17.72621
2021-10-24,1.90871,33.65347,29.20561,21.02088
2021-10-25,3.31798,34.95966,33.34659,20.13921
2021-10-26,2.77237,31.88628,32.3004,20.27842
2021-10-27,3.02546,34.22973,31.08317,22.04176
2021-10-28,3.15115,32.00153,28.43788,18.8399
2021-10-29,3.56179,30.8106,24.94928,18.00464
2021-10-30,2.40778,28.04456,21.942,14.80278
2021-10-31,2.6797,34.72915,27.09336,18.65429
2021-11-01,3.99833,32.80829,33.97509,21.48491
2021-11-02,3.49901,35.45908,32.29643,19.81438
2021-11-03,5.05507,35.4975,31.93046,19.72157
2021-11-04,4.29209,34.3834,29.95345,17.07656
2021-11-05,3.79316,28.12139,25.83237,17.67981
2021-11-06,2.51574,31.61736,23.27459,16.98375
2021-11-07,2.25249,37.45678,29.04252,20.0928
2021-11-08,2.90108,37.9562,34.58769,22.5986
2021-11-09,2.6373,39.14713,34.84625,22.08816
2021-11-10,2.75849,37.53361,29.96937,19.48955
2021-11-11,2.83845,36.91893,29.7466,18.74709
2021-11-12,2.67059,33.46139,26.7791,17.26218
2021-11-13,2.23983,32.03995,24.75834,17.587
2021-11-14,2.10733,37.37994,28.86351,20.74245
2021-11-15,2.94105,35.92009,34.78658,21.39211
2021-11-16,2.94554,39.56972,34.75476,20.51044
2021-11-17,5.61798,36.30426,34.1899,20.0464
2021-11-18,4.69289,31.77103,52.35291,18.60788
2021-11-19,3.90936,26.00845,43.4703,14.19953
2021-11-20,2.80276,33.57664,33.15963,15.77726
2021-11-21,2.82887,41.49058,37.43585,20.32482
2021-11-22,3.63553,35.57433,44.2261,22.32018
2021-11-23,3.5069,35.76642,52.40065,20.27842
2021-11-24,9.5429,37.22627,46.99073,19.02552
2021-11-25,7.54286,41.64425,40.03739,20.97447
2021-11-26,6.94487,34.65232,37.82171,20.0464
2021-11-27,5.15533,28.85132,31.18262,18.42227
2021-11-28,4.69331,36.49635,37.74613,22.5522
2021-11-29,8.72039,38.22512,42.35649,22.69141
2021-11-30,5.58804,37.7257,41.70014,21.3457
2021-12-01,12.18365,35.76642,40.14081,19.48955
2021-12-02,12.20438,33.57664,40.11694,19.16473
2021-12-03,12.47287,30.15751,35.58614,19.07192
2021-12-04,5.91955,32.80829,48.04089,21.71693
2021-12-05,5.02953,39.33922,46.7441,21.85614
2021-12-06,6.85729,37.14944,45.3956,22.32018
2021-12-07,6.52023,33.76872,45.19272,23.89791
2021-12-08,14.87581,37.7257,43.5061,23.7587
2021-12-09,12.2148,35.53592,41.08357,21.57772
2021-12-10,9.77534,31.9247,36.44536,21.39211
2021-12-11,6.67191,31.07952,34.01487,19.72157
2021-12-12,5.8813,41.26008,39.54811,23.66589
2021-12-13,8.83646,44.14137,51.64087,23.89791
2021-12-14,7.70777,36.95735,45.69394,22.5522
2021-12-15,11.11413,34.3834,42.86566,24.36194
2021-12-16,14.7433,32.65462,40.00954,23.01624
2021-12-17,6.73653,31.69419,37.14944,20.97447
2021-12-18,4.77358,31.31002,36.28227,20.55684
2021-12-19,4.27259,38.80138,42.25307,24.87238
2021-12-20,5.71561,36.57318,49.62011,26.49651
2021-12-21,5.44951,38.87821,53.0212,22.96983
2021-12-22,5.4618,33.23088,48.50232,21.76334
2021-12-23,4.7843,34.42182,47.17371,46.72853
2021-12-24,3.95127,30.77218,41.05573,17.587
2021-12-25,2.97994,32.1552,37.09773,20.41763
2021-12-26,3.11793,41.72109,43.54588,25.42923
2021-12-27,4.29152,43.48828,50.01392,23.71229
2021-12-28,4.61022,38.34037,54.19865,22.27378
2021-12-29,4.40864,37.49519,46.10366,21.53132
2021-12-30,3.83802,33.84556,42.42412,20.88167
2021-12-31,3.46666,33.46139,37.76204,15.59164
2022-01-01,2.53759,35.68958,38.27121,20.23201
2022-01-02,2.58761,42.48943,45.42742,26.40371
2022-01-03,3.58808,44.29504,53.18031,22.41299
2022-01-04,3.65775,42.37418,57.12239,24.22273
2022-01-05,3.47747,44.44871,55.10959,24.40835
2022-01-06,3.19461,46.4464,53.44285,24.36194
2022-01-07,3.12062,48.52093,51.438,23.89791
2022-01-08,2.39339,51.90165,48.01304,24.12993
2022-01-09,2.37727,55.01344,50.1253,29.14153
2022-01-10,3.33999,44.98655,54.21058,28.95591
2022-01-11,2.98518,49.86553,53.34738,24.03712
2022-01-12,3.02417,46.40799,52.69899,25.38283
2022-01-13,2.97682,45.71648,63.60237,25.89327
2022-01-14,3.09954,39.26238,47.05437,24.22273
2022-01-15,2.00022,44.37187,43.02876,24.08352
2022-01-16,1.85365,50.21129,47.1578,28.67749
2022-01-17,2.48656,46.29273,56.96328,28.30626
2022-01-18,2.31474,45.25547,52.96948,25.52204
2022-01-19,2.79834,46.56165,49.49679,26.2645
2022-01-20,3.59116,46.40799,53.87246,31.41531
2022-01-21,3.48474,45.9854,47.39249,24.73317
2022-01-22,3.00862,42.14368,43.17196,24.50116
2022-01-23,3.18978,51.32539,49.27005,27.47099
2022-01-24,4.61788,45.52439,57.43267,25.89327
2022-01-25,7.80236,58.47099,54.07534,25.84686
2022-01-26,15.39233,41.2985,51.53745,26.03248
2022-01-27,11.31785,38.95505,43.35096,23.20185
2022-01-28,8.92612,34.46023,35.28779,18.88631
2022-01-29,6.8737,38.72454,35.15255,22.13457
2022-01-30,5.9623,40.53015,36.13508,21.57772
2022-01-31,5.32703,40.91432,34.79454,23.7587
2022-02-01,5.23036,45.1018,38.62524,23.34106
2022-02-02,8.02972,50.63388,49.79116,29.14153
2022-02-03,10.42554,49.75028,59.17498,26.03248
2022-02-04,10.53306,46.86899,53.81677,28.58468
2022-02-05,11.28589,50.05762,50.87712,30.99767
2022-02-06,10.01173,57.08797,52.01877,34.84918
2022-02-07,12.20844,48.32885,59.21078,30.62645
2022-02-08,10.1243,45.56281,55.12152,28.8631
2022-02-09,13.12726,44.8713,54.05942,26.96055
2022-02-10,11.3753,38.26354,50.91292,29.79118
2022-02-11,9.33653,38.07145,48.0926,28.12064
2022-02-12,7.27337,43.83403,44.26588,27.23897
2022-02-13,6.51654,48.36726,48.30343,33.54988
2022-02-14,8.39855,38.03303,54.79931,28.58468
2022-02-15,9.26191,38.95505,53.19225,29.37354
2022-02-16,16.61567,42.25893,49.68375,25.89327
2022-02-17,13.06856,41.529,49.15867,28.7703
2022-02-18,11.99355,44.67921,46.78388,29.37354
2022-02-19,7.38339,71.11025,53.72528,41.20649
2022-02-20,6.4959,80.48405,68.3082,36.19489
2022-02-21,8.34346,71.80176,90.89462,31.74013
2022-02-22,7.73524,65.73184,66.37097,28.72389
2022-02-23,12.83337,59.393,52.81435,30.44083
2022-02-24,10.66069,50.94122,51.58518,26.86774
2022-02-25,8.07788,42.91202,42.51163,24.12993
2022-02-26,6.00255,51.32539,38.14391,27.37819
2022-02-27,5.26656,50.94122,40.27208,29.60556
2022-02-28,7.2931,44.10295,40.72556,26.49651
